t,lateral_acc_mag,jerk_mag,risk_rate,torque_norm
0.0000,0.000000,0.000000,0.000000,0.0000
0.0020,35.754976,39096.453918,7822.866281,93.8112
0.0040,59.706197,88847.171472,17775.404914,90.1752
0.0060,84.791027,104364.260484,20881.331200,153.3285
0.0080,84.872652,113421.900776,22692.867420,95.0304
0.0100,15.347922,90357.418669,18073.018526,152.4003
0.0120,15.834053,76436.922774,15288.967960,102.3975
0.0140,15.319845,76503.016442,15302.135273,151.8352
0.0160,15.827178,76489.851710,15299.553060,111.9731
0.0180,15.296047,76552.238937,15311.977392,151.8158
0.0200,11.384683,36024.140980,7205.966664,125.4428
0.0220,77.570746,59010.078781,11809.772831,155.1836
0.0240,77.117316,106440.588309,21295.829393,121.7673
0.0260,16.211264,55845.439298,11170.708986,141.2444
0.0280,15.966904,44746.935254,8950.983741,130.9971
0.0300,84.411412,90075.090463,18023.459234,134.8373
0.0320,79.041368,88600.127533,17727.929643,97.3358
0.0340,83.316229,80765.036695,16161.338962,125.8836
0.0360,84.812973,94113.159869,18831.113271,130.3871
0.0380,84.354052,113450.136830,22698.462771,124.5488
0.0400,87.161690,86760.464532,17360.809075,130.3008
0.0420,77.457317,96084.589275,19224.663587,127.4517
0.0440,77.274357,106350.323521,21277.792140,129.4862
0.0460,10.641523,84787.043952,16958.472943,131.7574
0.0480,6.696559,73983.737681,14797.417192,128.9372
0.0500,10.637081,73937.085100,14788.480728,137.9886
0.0520,6.711920,73968.886650,14794.448522,128.8236
0.0540,10.629333,73924.695808,14786.002095,146.0526
0.0560,6.731113,73953.792786,14791.431668,129.3346
0.0580,16.117272,34217.151335,6845.041994,151.9370
0.0600,11.022368,10854.056088,2171.913454,119.1794
0.0620,77.449803,58834.968904,11774.738761,154.7907
0.0640,77.444122,106361.462921,21280.036996,110.9459
0.0660,16.040201,55827.426530,11167.089326,130.3073
0.0680,16.434311,44924.663107,8986.576053,133.7518
0.0700,84.093616,90120.524423,18032.514246,126.0700
0.0720,79.152449,88565.052514,17720.925748,97.7455
0.0740,61.685575,68863.241722,13778.816902,154.5387
0.0760,41.846257,70751.595057,14154.503637,98.6464
0.0780,43.324128,28962.708671,5796.874147,154.4126
0.0800,15.804507,58233.657707,11648.311992,102.3084
0.0820,15.156059,76814.079711,15364.331548,153.4631
0.0840,15.808807,76792.326607,15360.046202,108.4611
0.0860,15.121803,76856.521685,15372.816517,152.7055
0.0880,15.812482,76836.530505,15368.887349,116.8052
0.0900,15.092136,76897.087496,15380.926713,152.0856
0.0920,15.815776,76878.830665,15377.347711,127.1006
0.0940,15.066867,76935.817652,15388.670217,151.9215
0.0960,10.833357,36311.263456,7263.336027,131.5166
0.0980,10.619171,41322.778759,8265.617669,155.5462
0.1000,6.751389,73708.059534,14742.287046,122.6469
0.1020,16.541430,34050.155565,6811.685256,134.3949
0.1040,16.003936,45194.025852,9040.405564,138.5925
0.1060,14.930729,77016.984869,15404.890047,129.2865
0.1080,10.774252,36380.324887,7277.142403,104.0823
0.1100,16.433704,10902.910059,2182.225382,124.9024
0.1120,24.468914,34157.153847,6833.877661,104.0186
0.1140,14.745664,66050.557500,13211.586066,153.4474
0.1160,16.123039,76977.076123,15397.027528,107.6750
0.1180,14.715328,77025.409579,15406.553449,152.5802
0.1200,16.142014,76993.138101,15400.241822,113.7595
0.1220,14.689389,77038.266234,15409.122186,152.0210
0.1240,16.160225,77008.055178,15403.227058,122.1142
0.1260,14.667795,77050.053426,15411.477465,151.9326
0.1280,10.671227,36373.871203,7275.841363,136.7067
0.1300,10.525542,41168.843694,8234.821293,155.5251
0.1320,7.004652,73577.926819,14716.285829,136.7599
0.1340,16.303899,33966.097079,6794.849806,141.8382
0.1360,16.383737,45280.781517,9057.794677,141.7709
0.1380,14.546299,77054.448442,15412.344318,135.0376
0.1400,10.556878,36354.443550,7271.944398,110.8672
0.1420,23.458786,7094.247728,1421.195424,124.9094
0.1440,23.835069,48108.524022,9624.088311,139.8763
0.1460,21.161081,78457.451177,15693.606343,123.5721
0.1480,28.620145,24886.844989,4980.231012,141.1670
0.1500,28.613839,78666.961799,15736.253744,124.8173
0.1520,28.617342,78709.775158,15744.816766,140.3052
0.1540,28.617413,78660.537571,15734.969255,128.3161
0.1560,28.609760,78699.253032,15742.711582,139.5758
0.1580,28.615035,78651.553582,15733.172220,134.0823
0.1600,28.597377,78686.247266,15740.109191,139.1346
0.1620,28.606664,78640.007970,15730.862260,142.0262
0.1640,28.580187,78670.754399,15737.008898,139.1572
0.1660,23.853105,41252.271941,8252.839699,152.0272
0.1680,16.007530,43309.105098,8663.421773,142.2382
0.1700,14.698369,77139.831165,15429.436070,145.0067
0.1720,10.418490,36423.912841,7285.824417,123.2116
0.1740,10.512112,40993.773709,8199.805953,155.4184
0.1760,6.962486,73432.750941,14687.246437,116.3104
0.1780,16.643855,33873.589492,6776.382284,126.4181
0.1800,16.212636,45452.336656,9092.088595,143.0638
0.1820,14.567180,77205.245188,15442.505756,124.6126
0.1840,10.352859,36472.776620,7295.590610,108.2934
0.1860,39.962492,22561.055399,4516.207329,154.6545
0.1880,16.308648,60351.679214,12071.966708,114.9870
0.1900,14.384471,77188.564616,15439.151370,153.5536
0.1920,16.339282,77151.818784,15431.997685,122.3608
0.1940,14.357490,77198.361734,15441.108096,152.6069
0.1960,16.369028,77163.867846,15434.410472,131.9310
0.1980,14.335040,77207.296391,15442.892782,151.9630
0.2000,16.397660,77174.985418,15436.636850,143.4491
0.2020,14.317083,77215.381119,15444.507932,148.6329
0.2040,10.216956,36437.093711,7288.440438,128.0386
0.2060,10.503842,40882.532656,8177.556915,155.4520
0.2080,7.114842,73351.673553,14671.046195,120.2809
0.2100,16.387875,33812.430684,6764.124924,127.7092
0.2120,16.647936,45494.229583,9100.510710,144.0270
0.2140,14.203878,77208.821360,15443.184660,124.8621
0.2160,10.095002,36402.617293,7281.532959,107.5615
0.2180,44.233244,21487.359017,4301.895128,153.8756
0.2200,24.500560,62887.595002,12579.969056,113.1405
0.2220,21.809151,78838.765119,15769.933939,152.7967
0.2240,24.598038,78817.429563,15765.945716,119.8846
0.2260,21.873420,78874.745537,15777.136449,151.7195
0.2280,16.410162,75962.559205,15194.152857,129.1786
0.2300,14.400260,77240.601602,15449.560346,151.0461
0.2320,16.445908,77226.901792,15447.024949,140.4174
0.2340,14.366577,77278.301618,15457.096981,150.9897
0.2360,9.603294,36431.019091,7287.164148,130.9748
0.2380,43.347622,31327.584606,6269.851683,154.7081
0.2400,6.822493,55774.937022,11155.669654,128.0027
0.2420,16.719435,33622.895905,6726.251125,132.3172
0.2440,16.354824,45644.159993,9130.467481,143.3524
0.2460,14.307775,77368.453354,15475.121448,127.1653
0.2480,9.924574,36503.019596,7301.596377,108.6384
0.2500,10.671474,40662.744978,8133.616143,155.7398
0.2520,6.958737,73154.226455,14631.541165,108.4755
0.2540,40.586201,29631.468360,5930.352292,153.2094
0.2560,16.451232,60575.462301,12116.737583,115.0264
0.2580,14.110261,77382.479598,15477.906946,152.3415
0.2600,16.469939,77345.418141,15470.730622,122.8399
0.2620,14.085609,77395.615609,15480.531683,151.7796
0.2640,16.487232,77360.854641,15473.819651,133.1574
0.2660,14.065236,77407.869139,15482.980352,151.6916
0.2680,9.822914,36511.384631,7303.259218,138.6056
0.2700,10.572230,40573.985131,8115.854249,155.6369
0.2720,6.990775,73083.488567,14617.396791,128.7053
0.2740,16.480527,33539.436343,6709.535321,132.6111
0.2760,16.712181,45720.289005,9145.729019,143.9318
0.2780,13.935271,77412.461388,15483.885805,127.5047
0.2800,9.706978,36494.711592,7299.913016,107.4326
0.2820,16.376392,10484.683126,2098.574264,124.7274
0.2840,22.999456,34518.302321,6905.960410,108.5915
0.2860,13.774586,66411.195484,13283.616555,152.9996
0.2880,16.867742,77312.260685,15464.138911,113.5111
0.2900,13.753686,77352.754682,15471.926305,152.1843
0.2920,16.909360,77306.879991,15463.066934,121.3423
0.2940,13.737423,77344.528845,15470.279511,151.7039
0.2960,16.949003,77301.235426,15461.941985,131.7867
0.2980,13.725721,77336.123444,15468.597261,151.7291
0.3000,9.487865,36366.369542,7274.222695,138.4652
0.3020,24.494615,8016.751717,1605.799805,140.8830
0.3040,83.466172,53158.547292,10640.056076,140.6985
0.3060,85.400740,113813.099754,22771.160025,133.0524
0.3080,77.722191,88791.290804,17766.030380,110.7421
0.3100,80.211919,87920.135985,17592.048389,154.6580
0.3120,77.393500,106689.314047,21345.602159,105.9511
0.3140,85.619721,87096.484834,17427.858939,124.0983
0.3160,86.524263,90868.136781,18182.279782,107.1256
0.3180,85.270313,107364.103397,21481.347711,152.9460
0.3200,83.797065,113888.139639,22786.007634,111.9094
0.3220,85.270948,113923.815362,22793.290167,152.1484
0.3240,83.852623,113922.526813,22792.890625,119.7420
0.3260,85.265412,113953.503345,22799.227210,151.6236
0.3280,83.900424,113950.837623,22798.557567,130.2987
0.3300,85.253637,113977.161810,22803.957726,151.5759
0.3320,78.085425,88923.533346,17792.515212,136.0001
0.3340,85.539800,81459.276385,16300.409257,141.3851
0.3360,93.760738,90345.460655,18078.468205,138.5829
0.3380,85.168153,102591.929034,20526.902622,137.9163
0.3400,84.120956,114018.663929,22812.144881,140.8948
0.3420,85.144151,114042.921659,22817.098747,130.8250
0.3440,78.358335,88982.305589,17804.296951,107.1928
0.3460,85.488917,81534.693179,16315.487528,124.9161
0.3480,84.297094,95223.688975,19053.167504,137.6311
0.3500,85.053663,114061.072511,22820.719869,125.1418
0.3520,87.104359,107699.720699,21548.654576,107.0882
0.3540,84.976783,107566.953683,21521.888415,152.3686
0.3560,84.286377,113982.934980,22805.015634,113.8301
0.3580,84.958473,114008.179646,22810.131777,151.8702
0.3600,84.296938,113980.091932,22804.448080,123.6348
0.3620,84.934266,114000.881757,22808.669778,151.8635
0.3640,78.502674,88945.154901,17796.881248,134.4073
0.3660,50.268064,63849.899908,12775.006788,146.3046
0.3680,49.044620,65620.493694,13129.003201,137.0847
0.3700,49.445254,90717.989343,18148.542394,136.8499
0.3720,49.085448,90697.823553,18144.473255,139.6973
0.3740,49.437022,90736.097350,18152.163172,130.1075
0.3760,43.082520,57979.176750,11600.143602,104.8601
0.3780,50.211945,45969.508045,9198.922803,124.8868
0.3800,84.150902,79784.066670,15965.228424,136.5789
0.3820,85.218262,114084.234255,22825.368677,125.4299
0.3840,87.825911,87659.630922,17540.708775,134.4318
0.3860,11.742681,69876.507774,13976.475823,132.4016
0.3880,5.307868,72668.778535,14534.286494,133.6205
0.3900,11.757061,72610.227197,14523.221145,140.2464
0.3920,5.314170,72644.806029,14529.492623,133.0513
0.3940,11.768240,72589.227403,14519.022305,150.5239
0.3960,5.324562,72621.232733,14524.779003,132.9018
0.3980,11.775862,72568.571407,14514.891868,155.9728
0.4000,5.338978,72598.083443,14520.150586,129.4836
0.4020,16.941153,32981.568715,6598.007858,137.0292
0.4040,17.179877,45957.979140,9193.313816,138.5202
0.4060,14.125639,77581.837412,15517.780046,130.3476
0.4080,7.524238,36373.221384,7275.396701,102.6736
0.4100,16.753136,9473.010528,1896.277419,124.7564
0.4120,17.502695,45968.770770,9195.504423,134.9762
0.4140,13.965714,77584.390460,15518.274663,125.1184
0.4160,36.313234,30458.819269,6095.395177,132.4487
0.4180,11.711828,54565.748505,10914.320884,131.9555
0.4200,5.496900,72500.397418,14500.629173,131.6068
0.4220,11.743263,72451.467036,14491.467734,139.7246
0.4240,5.481426,72493.595006,14499.267144,131.0145
0.4260,11.770467,72447.403325,14490.657712,149.9287
0.4280,5.471110,72486.729796,14497.893070,130.8522
0.4300,11.793061,72443.229782,14489.825262,155.8492
0.4320,5.465778,72479.844573,14496.515492,128.9570
0.4340,16.451537,32833.706112,6568.386376,137.8663
0.4360,18.114692,45946.234818,9191.058433,136.6959
0.4380,13.726389,77528.136713,15506.999981,130.9212
0.4400,7.144367,36205.500838,7241.814604,101.7856
0.4420,25.769155,9901.561054,1982.889126,124.3763
0.4440,18.169726,45030.732510,9007.963475,133.4972
0.4460,13.969382,77552.513513,15511.899641,124.0635
0.4480,36.341551,30330.732762,6069.780708,130.8497
0.4500,12.182131,54286.619277,10858.542068,130.0725
0.4520,5.169778,72325.476339,14465.612246,130.0367
0.4540,12.242264,72264.036391,14454.031505,137.4175
0.4560,5.173402,72290.187799,14458.554900,129.4819
0.4580,12.297048,72231.863590,14447.602423,147.2327
0.4600,78.275701,83488.656550,16705.558880,128.9700
0.4620,82.491210,107276.844559,21463.618033,155.8527
0.4640,78.362390,107324.044730,21472.645185,129.3647
0.4660,87.223507,88014.294843,17611.581319,140.9837
0.4680,84.139786,95936.951985,19195.804376,134.9011
0.4700,86.211634,114437.495940,22896.120351,133.1428
0.4720,78.055766,89406.999600,17889.205497,101.9457
0.4740,87.119659,82236.553738,16456.022713,125.5148
0.4760,84.441892,96008.430386,19210.130266,131.2685
0.4780,86.109743,114488.323065,22906.275587,123.6779
0.4800,78.987591,82416.607510,16491.220261,130.0158
0.4820,82.293270,107365.594129,21481.348153,125.1324
0.4840,79.048410,107422.069964,21492.318834,128.8908
0.4860,82.299468,107380.993887,21484.428724,129.4479
0.4880,79.102003,107432.698005,21494.449801,127.9119
0.4900,82.297795,107391.122882,21486.454356,134.8145
0.4920,79.148337,107438.120052,21495.538844,127.2512
0.4940,82.288190,107396.008566,21487.430532,137.7847
0.4960,79.187388,107438.361467,21495.591032,127.1032
0.4980,86.927216,88166.734266,17642.039575,148.8984
0.5000,84.640088,95993.780532,19207.220115,130.1889
0.5020,85.731716,114393.798206,22887.332813,132.6424
0.5040,84.658450,114366.964993,22881.858844,133.1176
0.5060,85.688257,114377.337078,22884.036241,117.4874
0.5080,78.580359,89351.193420,17878.096720,102.9244
0.5100,51.794472,64590.657630,12923.310973,109.9886
0.5120,50.019739,66521.450596,13309.292093,129.6346
0.5140,50.367377,91164.029285,18237.842595,100.3540
0.5160,43.092412,58380.811815,11680.471604,89.4318
0.5180,30.795933,39659.081431,7934.895879,139.6411
0.5200,32.475455,78157.215455,15634.690636,90.9360
0.5220,50.962001,41827.838976,8370.663995,135.0263
0.5240,19.222896,61249.224503,12251.767190,100.2559
0.5260,14.647273,77635.542418,15528.573211,130.1404
0.5280,19.340457,77605.357960,15523.005638,110.7012
0.5300,14.630820,77659.461630,15533.355408,126.5307
0.5320,19.450182,77631.644925,15528.274003,123.5790
0.5340,14.620548,77683.126814,15538.087418,123.0468
0.5360,19.551918,77657.705186,15533.496229,131.6902
0.5380,14.615835,77706.653710,15542.792326,111.5673
0.5400,26.668509,35025.927574,7007.852366,133.3249
0.5420,77.887056,51670.158920,10341.820490,101.4704
0.5440,59.379169,78319.934056,15669.924728,129.3488
0.5460,51.796185,91706.112231,18346.402065,95.5887
0.5480,26.902350,50730.793425,10148.848920,100.4831
0.5500,27.568152,39675.852651,7937.927345,100.8898
0.5520,36.504833,41381.068911,8279.864266,151.9365
0.5540,13.446317,53142.900162,10629.924664,107.5047
0.5560,4.453258,71530.882668,14306.621859,151.4383
0.5580,13.585006,71512.522153,14303.862931,114.7368
0.5600,4.579836,71569.478671,14314.353718,151.2037
0.5620,15.600183,31744.103221,6350.380662,135.6026
0.5640,21.013882,46032.858461,9208.673080,153.8887
0.5660,14.282548,77498.404184,15501.109092,128.1381
0.5680,4.909200,35866.529867,7173.796893,149.2730
0.5700,53.815160,31887.188658,6382.819247,133.0121
0.5720,33.637223,61800.095670,12363.382856,146.1358
0.5740,28.753908,43155.759183,8634.027227,126.8817
0.5760,20.849029,46241.205313,9250.325965,155.4520
0.5780,14.799525,77378.327954,15477.145543,115.7989
0.5800,20.935908,77331.184171,15468.330425,157.6498
0.5820,14.817709,77362.439424,15473.969656,107.5453
0.5840,77.697777,55820.145812,11171.798940,126.2363
0.5860,87.846469,82365.542137,16481.893074,124.6023
0.5880,85.698325,92446.308193,18497.831471,124.9050
0.5900,86.724203,108491.269661,21706.926353,141.3891
0.5920,84.423855,114159.819704,22840.406326,127.4678
0.5940,86.690810,114169.410439,22842.551169,137.1927
0.5960,84.494469,114142.152015,22836.879850,132.4013
0.5980,86.652411,114148.108724,22838.286986,133.5196
0.6000,84.555833,114120.251976,22832.505979,139.5876
0.6020,86.608900,114122.640703,22833.189031,130.6183
0.6040,78.072197,89287.705985,17865.348417,151.8350
0.6060,83.548425,88909.673834,17790.289609,137.3131
0.6080,79.106284,107492.584009,21506.427430,151.6786
0.6100,87.199715,88096.436382,17628.007248,136.0428
0.6120,84.873152,95776.048176,19163.696950,155.6140
0.6140,86.373559,114024.343257,22813.506007,123.0181
0.6160,78.320837,89227.431342,17853.318352,141.9111
0.6180,83.353572,88932.692698,17794.873897,142.0823
0.6200,79.340909,107503.096547,21508.553400,134.5948
0.6220,86.902734,88070.973248,17622.884923,119.8163
0.6240,85.208646,95692.755759,19147.072016,155.5291
0.6260,86.205870,113931.368931,22794.894373,111.0125
0.6280,78.577296,89187.351150,17845.327960,125.6807
0.6300,49.257544,73616.549916,14728.235738,138.0496
0.6320,44.225138,84555.291156,16915.480745,124.2322
0.6340,29.803586,32190.639168,6441.108192,110.2442
0.6360,12.175181,35152.560641,7031.729646,127.2283
0.6380,15.579911,66611.193480,13323.796687,132.2800
0.6400,22.475479,76685.555062,15339.358560,131.7431
0.6420,15.626349,76720.008803,15345.564395,129.0748
0.6440,22.602313,76669.926128,15336.245457,138.2261
0.6460,15.677292,76702.270122,15342.021754,126.6387
0.6480,22.718442,76654.961122,15333.264069,146.5248
0.6500,15.731883,76685.284889,15338.630166,125.2215
0.6520,6.181277,35057.840576,7012.186243,151.9102
0.6540,16.729184,39338.689995,7869.410917,130.3218
0.6560,8.268487,71728.639010,14346.554651,151.7820
0.6580,13.988138,31330.607451,6267.520304,121.5576
0.6600,23.145686,45051.499539,9012.614476,155.7296
0.6620,15.819562,76591.653540,15319.912664,110.2291
0.6640,6.315403,34966.448454,6993.921231,140.2862
0.6660,17.197379,39378.198482,7877.359434,131.3343
0.6680,8.829635,71726.901631,14346.263290,133.7716
0.6700,13.633506,31286.723465,6258.708044,102.9042
0.6720,23.646145,44947.614063,8991.887427,155.5810
0.6740,16.029098,76474.131466,15296.429203,95.1970
0.6760,23.809137,76423.047909,15286.990495,157.7760
0.6780,16.155999,76442.683690,15290.152338,91.1643
0.6800,6.519943,34818.638259,6964.379646,124.8815
0.6820,13.344257,3787.210221,758.776470,98.8909
0.6840,84.613021,56124.767486,11233.414799,126.1511
0.6860,86.776575,107922.386610,21593.154980,128.5098
0.6880,84.848707,113279.582039,22664.401278,129.4085
0.6900,86.709303,113260.120892,22660.695109,126.3387
0.6920,84.889220,113209.373672,22650.363656,134.3795
0.6940,86.636787,113186.704686,22646.004616,124.9622
0.6960,84.919914,113135.808554,22635.653702,140.9743
0.6980,86.558917,113110.006616,22630.657215,124.6045
0.7000,63.209676,104265.570585,20859.435085,155.0691
0.7020,10.812264,79279.789350,15857.039096,151.8785
0.7040,13.223532,31253.093105,6251.940974,151.7697
0.7060,25.033044,44623.769350,8927.257174,157.0706
0.7080,17.122623,76067.038926,15215.120048,149.9781
0.7100,7.468272,34508.982348,6902.543297,151.7456
0.7120,19.189041,39650.785233,7932.075951,156.4124
0.7140,11.403750,71783.361386,14357.812652,145.7117
0.7160,12.991486,31266.578397,6254.614828,140.5718
0.7180,25.554251,44510.617836,8904.678992,156.8884
0.7200,17.485094,75918.881107,15185.524731,134.8782
0.7220,7.685920,34391.169857,6879.002563,137.0330
0.7240,41.115454,44593.380481,8922.787642,156.2421
0.7260,40.926545,81261.398906,16256.372436,132.0352
0.7280,34.393014,47609.083136,9525.255929,128.2773
0.7300,44.277796,55694.948440,11143.417468,156.7001
0.7320,37.444113,82999.336724,16603.611756,125.0536
0.7340,76.637015,40601.341306,8127.931963,126.8784
0.7360,97.317222,85561.028459,17121.937414,154.1432
0.7380,78.173082,96434.810066,19294.779321,126.5500
0.7400,84.258127,106643.489121,21337.123637,156.0483
0.7420,78.187314,106659.945461,21339.807824,124.8283
0.7440,86.194952,86773.954725,17363.410440,124.3892
0.7460,84.287719,94086.288645,18825.686501,156.7500
0.7480,86.375181,112187.488062,22446.135130,124.9894
0.7500,89.584817,87340.393292,17477.037140,154.1955
0.7520,83.701935,96081.486190,19224.667431,129.1165
0.7540,89.394469,96191.556016,19247.250650,152.6898
0.7560,83.722110,96001.083223,19208.588856,138.1815
0.7580,78.191441,106282.213158,21264.261776,152.0416
0.7600,83.647562,106208.435500,21250.051856,144.3217
0.7620,78.192912,106211.044349,21250.028161,151.5899
0.7640,83.563650,106137.069781,21235.770321,151.4599
0.7660,78.185815,106135.736663,21234.965914,151.5332
0.7680,84.995074,86135.214825,17235.542472,151.8282
0.7700,84.459091,93393.738119,18687.193533,152.9559
0.7720,85.384466,111491.349366,22306.808320,151.6618
0.7740,76.573390,86939.346374,17395.526614,151.3515
0.7760,22.353023,54007.586912,10803.752685,156.0395
0.7780,15.680971,71730.343809,14347.636859,151.2113
0.7800,12.610214,31299.396177,6261.140257,151.7017
0.7820,28.495020,44208.868581,8844.623218,155.7946
0.7840,19.855017,75377.074359,15077.400374,149.0811
0.7860,56.449334,59025.209889,11810.686911,156.6690
0.7880,20.416725,58915.136364,11785.068945,149.2169
0.7900,11.243296,34223.421770,6845.808684,151.3845
0.7920,44.868521,46391.989240,9282.884700,155.9674
0.7940,45.748499,82766.158218,16557.806493,147.5018
0.7960,37.624922,50326.764619,10069.115416,146.1151
0.7980,48.971832,57736.917785,11552.280740,155.3906
0.8000,41.707372,83999.240500,16804.018837,140.5795
0.8020,49.160031,83986.049125,16802.125828,157.5277
0.8040,42.011222,84064.476941,16817.096510,136.1004
0.8060,44.910719,52445.494281,10493.589928,139.9046
0.8080,46.138614,58187.956996,11642.205261,156.8234
0.8100,46.409193,83158.408228,16636.322565,135.7029
0.8120,38.801420,51009.773899,10205.834922,134.3251
0.8140,29.251952,48668.668835,9736.658962,157.1925
0.8160,21.241633,75148.976974,15031.919558,130.7532
0.8180,12.525883,34315.442869,6864.341162,134.3169
0.8200,24.082151,40518.408850,8106.089985,155.9071
0.8220,18.461590,71802.208782,14362.287915,130.8606
0.8240,13.285439,31604.159991,6322.160542,130.1131
0.8260,29.717290,44130.561260,8829.083981,156.0661
0.8280,21.749413,75079.799351,15018.134811,127.2375
0.8300,82.460766,83678.524667,16743.951010,157.7191
0.8320,84.688863,109623.868398,21933.242566,121.4763
0.8340,74.244491,85068.607264,17021.145902,127.3677
0.8360,82.740875,85959.293605,17200.132808,154.5218
0.8380,76.429234,104478.432671,20903.329458,125.6230
0.8400,83.145933,84042.541412,16816.822876,125.5635
0.8420,82.503027,91090.572503,18226.364803,156.3742
0.8440,84.108425,109224.629627,21853.336768,118.5845
0.8460,74.197051,84674.352698,16942.290245,125.7208
0.8480,82.283390,85662.699611,17140.768261,151.6072
0.8500,76.490797,104199.417965,20847.532673,124.3486
0.8520,82.185600,104119.673775,20832.153315,149.1289
0.8540,76.485543,104118.553824,20831.359319,124.1319
0.8560,92.728090,82381.415349,16485.555879,143.1687
0.8580,82.392131,97177.606167,19443.760446,126.1693
0.8600,83.232769,108540.722505,21716.467778,138.6401
0.8620,82.290542,108427.302643,21693.689583,128.0094
0.8640,83.040091,108346.221990,21677.548407,134.5126
0.8660,82.180203,108233.833197,21654.984660,130.4738
0.8680,82.843128,108150.678166,21638.419946,130.9536
0.8700,82.061337,108039.441199,21616.094374,133.5793
0.8720,82.641784,107954.293344,21599.122847,128.1534
0.8740,81.933999,107844.233674,21577.040135,137.3404
0.8760,24.119254,82227.309324,16447.873790,126.4018
0.8780,16.546970,34746.661226,6950.986942,151.8614
0.8800,50.882437,49467.894870,9898.667218,106.6514
0.8820,52.143705,85201.490406,17045.512452,151.6718
0.8840,42.932312,54690.278109,10942.348853,125.0929
0.8860,55.536504,61187.392774,12243.032205,134.4012
0.8880,48.107788,85844.608748,17173.732528,124.1178
0.8900,55.789266,85856.025395,17176.784006,137.9875
0.8920,48.509593,85954.170995,17195.685158,124.2278
0.8940,61.519239,60742.203664,12154.592657,151.8994
0.8960,80.645528,79924.336836,15992.931920,136.8429
0.8980,81.740988,106602.810954,21328.736290,151.7236
0.9000,71.914519,81960.910677,16399.373587,151.9912
0.9020,49.619321,68970.884734,13799.138879,135.8140
0.9040,42.385508,81225.980304,16249.434612,151.6897
0.9060,49.494825,81139.341385,16232.817760,139.1322
0.9080,42.372984,81130.312790,16230.299856,151.7443
0.9100,45.526305,50825.481900,10169.649011,151.7188
0.9120,49.904199,59693.407431,11943.671906,135.1970
0.9140,48.887057,84229.762561,16850.841218,151.4850
0.9160,37.275773,51278.699843,10259.467546,151.9389
0.9180,49.054733,55323.310117,11069.567497,132.8894
0.9200,42.342250,80803.781696,16164.990564,151.6638
0.9220,48.947377,80718.541230,16148.602984,132.4464
0.9240,42.329210,80704.819217,16145.196764,151.7236
0.9260,44.396754,50152.346268,10034.908929,149.5955
0.9280,79.383780,71959.270358,14399.792450,132.3937
0.9300,27.242415,79905.166743,15983.757590,146.2347
0.9320,20.936774,35835.955477,7169.284773,151.9721
0.9340,31.200073,43132.094739,8629.538955,124.3429
0.9360,27.968312,72690.316582,14540.860148,151.7017
0.9380,31.526072,72697.464435,14542.645494,122.3204
0.9400,28.333248,72747.035898,14552.240504,151.7370
0.9420,17.459214,34322.729527,6866.291827,143.0803
0.9440,36.564553,45026.215273,9008.899510,130.1428
0.9460,28.545287,74618.618309,14926.578191,139.3118
0.9480,36.781349,74593.342165,14922.346568,132.4916
0.9500,28.889634,74634.006127,14929.690189,136.1992
0.9520,22.271900,36410.249176,7284.277025,151.7949
0.9540,32.954068,43856.523978,8774.600202,112.5374
0.9560,26.670465,66813.003108,13365.267668,130.4469
0.9580,18.579374,35918.632272,7185.584392,116.0157
0.9600,22.647572,16817.868554,3365.838468,134.8877
0.9620,49.294722,34063.491642,6817.627801,122.7683
0.9640,61.914213,65314.972099,13069.185841,156.8653
0.9660,55.291661,88237.284121,17652.985990,118.1462
0.9680,56.314046,60965.312230,12198.693851,146.0378
0.9700,59.292783,67000.867386,13406.102756,138.2954
0.9720,59.581988,88837.495580,17773.457315,144.6937
0.9740,73.382172,75267.598709,15060.857959,136.4787
0.9760,59.957040,75264.326317,15058.860967,149.1872
0.9780,59.764565,89037.881281,17813.552713,136.4773
0.9800,60.213961,89123.863825,17830.794161,148.4612
0.9820,51.129530,60959.897460,12197.092445,128.0574
0.9840,62.859239,66274.703045,13261.226533,157.1601
0.9860,57.308714,88798.784218,17765.487715,126.2156
0.9880,33.801642,33104.889900,6624.358144,152.2765
0.9900,48.391854,53174.088027,10639.656791,130.6715
0.9920,41.081610,79001.752664,15804.458694,151.9077
0.9940,48.271988,78912.979961,15787.423191,131.3069
0.9960,41.097267,78908.369465,15785.783620,151.7777
0.9980,41.446667,47367.450312,9477.634729,125.6017
1.0000,75.969897,68438.405617,13695.278113,153.8811
1.0020,77.615069,101295.359525,20266.833412,124.5862
1.0040,75.863858,101205.033492,20248.593084,155.4450
1.0060,77.396946,101112.990204,20230.337735,124.2846
1.0080,66.213107,76101.661640,15226.953639,152.0044
1.0100,76.845169,78572.140016,15722.112520,117.8981
1.0120,70.742216,97762.148545,19559.503931,151.7285
1.0140,76.632903,97638.383402,19535.339971,119.6729
1.0160,69.181662,97151.331392,19437.184445,135.1566
1.0180,27.303982,54493.684962,10901.467391,151.9510
1.0200,37.325277,46148.160084,9233.364545,123.1644
1.0220,35.282373,73987.050430,14800.938323,151.7893
1.0240,22.623883,37389.109006,7480.084190,135.3267
1.0260,41.052698,46717.671364,9347.639543,133.0193
1.0280,34.216182,74980.068652,14999.435349,132.8620
1.0300,41.246615,74965.007581,14997.126178,134.0034
1.0320,34.536457,75017.463321,15006.946310,130.8061
1.0340,41.431643,75006.347752,15005.412715,135.3914
1.0360,34.850627,75058.330402,15015.151143,129.2706
1.0380,28.619024,39249.645324,7852.790967,152.0624
1.0400,39.080811,47018.994822,9407.707045,103.5069
1.0420,36.873881,74414.810363,14886.649461,151.9321
1.0440,24.302503,38340.712771,7670.572804,128.8229
1.0460,42.062960,47302.975945,9464.801485,129.8914
1.0480,20.900216,68263.677574,13654.825536,104.6344
1.0500,29.356755,38605.493230,7724.034322,138.4133
1.0520,24.883406,24028.980560,4808.284453,122.6976
1.0540,42.450347,47491.550209,9502.555077,157.1777
1.0560,36.388832,75213.643203,15046.367524,123.1754
1.0580,63.498404,37610.418824,7528.433605,152.2612
1.0600,47.376370,62628.873585,12530.512354,130.4954
1.0620,40.069262,77180.169599,15440.040846,151.9101
1.0640,47.309419,77107.806794,15426.292301,131.6852
1.0660,40.142607,77098.405962,15423.695453,151.7728
1.0680,37.874993,44577.044434,8919.196386,125.1570
1.0700,46.264229,52870.351866,10578.696796,151.8514
1.0720,45.155794,78147.929364,15634.101452,124.4799
1.0740,46.261335,78076.552490,15619.936631,151.1627
1.0760,45.079452,78018.634734,15608.234892,124.0561
1.0780,30.300246,43942.510134,8791.532051,152.0987
1.0800,46.978305,50474.172964,10099.532423,107.6272
1.0820,40.350657,76700.209899,15344.077046,151.5892
1.0840,46.916058,76626.223962,15329.936398,107.3805
1.0860,42.368868,77180.562948,15440.349476,130.3527
1.0880,32.345238,43726.504324,8748.535389,151.9043
1.0900,68.906775,60575.467146,12121.984107,103.9339
1.0920,69.772774,93908.232827,18788.623843,151.4964
1.0940,69.300422,94007.789182,18808.487879,103.7958
1.0960,70.097589,94102.989457,18827.607650,151.3070
1.0980,80.914471,81933.055154,16394.702478,102.2723
1.1000,66.986366,75015.386496,15009.775936,130.2624
1.1020,59.698723,70113.782504,14028.726373,107.3013
1.1040,66.041785,61473.681707,12301.340520,143.1060
1.1060,60.084702,61703.283353,12346.665141,126.9981
1.1080,45.714419,59775.640927,11959.699627,156.4527
1.1100,39.934357,75771.563799,15158.306195,126.2859
1.1120,45.842702,75763.064775,15157.197225,158.0038
1.1140,40.179166,75816.615811,15167.341079,125.9306
1.1160,34.283844,42305.816555,8464.591695,152.2716
1.1180,44.675071,50304.096144,10065.286736,126.6280
1.1200,43.366146,76075.726131,15219.481841,152.0127
1.1220,44.951517,76107.018071,15225.898766,124.0699
1.1240,43.639761,76164.827354,15237.329447,151.9439
1.1260,29.536846,41996.922918,8402.338268,125.8897
1.1280,46.459731,49641.924011,9933.030775,136.8703
1.1300,41.210958,76003.143700,15204.749836,125.2391
1.1320,46.622904,76001.133992,15204.889089,136.0649
1.1340,41.484061,76055.513820,15215.251170,124.8238
1.1360,70.734527,72624.143561,14531.902165,135.7291
1.1380,72.209014,94928.554219,18992.931745,124.7213
1.1400,59.632057,69205.937805,13847.150767,151.7047
1.1420,72.028524,72454.399252,14498.082703,97.7199
1.1440,56.874040,86889.232501,17383.533904,131.4177
1.1460,66.552562,68177.152012,13642.085659,108.9343
1.1480,59.502833,61623.525895,12330.655462,149.7835
1.1500,34.087814,44744.675851,8952.343952,124.9797
1.1520,44.831720,49870.623228,9978.607818,155.4538
1.1540,43.743369,75547.462947,15113.866926,124.4071
1.1560,50.693752,77339.129869,15472.895349,133.7608
1.1580,46.289977,78086.863324,15622.001662,151.2334
1.1600,47.306282,76971.868564,15399.104341,134.6281
1.1620,46.551051,77020.708483,15408.796802,151.0326
1.1640,31.428474,43675.589732,8738.260794,127.0615
1.1660,48.648447,50767.972897,10158.459424,140.0105
1.1680,43.156821,76452.038019,15294.723286,126.7601
1.1700,48.820506,76452.989814,15295.480013,138.0022
1.1720,43.448432,76504.002688,15305.145381,126.7227
1.1740,37.809463,38476.515797,7699.084106,152.7685
1.1760,74.814527,82050.655116,16417.612476,97.3019
1.1780,71.352925,94119.291583,18830.993609,129.7524
1.1800,64.306124,74385.394506,14883.509514,110.8099
1.1820,70.813115,66148.014867,13236.684285,150.7443
1.1840,75.358456,79303.097937,15868.155433,131.9749
1.1860,76.367271,97702.080065,19548.052740,151.9207
1.1880,75.606176,97767.487026,19561.058023,133.7954
1.1900,76.557360,97836.464078,19574.948552,151.7524
1.1920,75.850249,97904.827878,19588.550600,136.0195
1.1940,76.747867,97974.516222,19602.578031,151.8013
1.1960,65.343068,73642.558408,14735.045988,127.2899
1.1980,76.099475,76510.669428,15309.743833,146.9100
1.2000,72.108653,95117.583296,19030.727524,127.3786
1.2020,76.228811,95138.995994,19035.422080,143.7314
1.2040,72.340448,95215.683806,19050.370806,127.6303
1.2060,71.690728,73589.863948,14725.141862,152.2400
1.2080,77.045273,80402.375293,16088.179586,102.4649
1.2100,77.515547,98579.518265,19723.655208,151.9574
1.2120,77.309694,98652.512095,19738.233388,103.7307
1.2140,77.743866,98731.267530,19754.027893,151.8176
1.2160,77.570639,98807.275258,19769.212115,107.0286
1.2180,72.711252,95618.706728,19131.012471,135.2676
1.2200,66.795041,76192.084869,15245.096478,120.8659
1.2220,40.225614,51538.071170,10311.636795,152.0162
1.2240,34.948930,34931.231309,6989.741155,128.5377
1.2260,50.493034,52391.872182,10483.423740,155.7208
1.2280,46.274382,77157.333530,15436.094144,129.0609
1.2300,40.492553,46428.186265,9289.686508,152.1524
1.2320,51.510769,54697.995346,10944.750146,110.1094
1.2340,50.475231,78605.965757,15726.240674,151.8072
1.2360,51.752054,78639.343456,15733.043897,108.2802
1.2380,50.712377,78689.676668,15743.006571,151.4021
1.2400,78.861774,88156.563814,17639.198940,108.1313
1.2420,79.429369,99705.934034,19949.129744,151.2223
1.2440,67.911453,75922.272218,15191.245589,131.1997
1.2460,78.188728,78340.290640,15675.877001,130.7049
1.2480,65.148084,91658.825926,18338.279994,118.2162
1.2500,74.170565,69496.165889,13906.650234,151.9544
1.2520,79.489342,96705.238168,19348.996568,141.1072
1.2540,80.045492,100117.377555,20031.480060,152.0200
1.2560,68.583333,76391.398508,15285.138035,132.9390
1.2580,78.211431,78658.031039,15739.427351,147.6554
1.2600,75.195515,96459.662102,19299.451972,134.0151
1.2620,43.512088,71900.695584,14384.490326,143.1738
1.2640,42.968841,73190.024198,14642.301724,135.3904
1.2660,24.694078,37736.997674,7549.868943,152.4397
1.2680,44.088935,46122.874432,9228.983780,111.8875
1.2700,39.644976,72934.349685,14590.834435,152.1190
1.2720,43.985932,72875.729110,14579.544415,114.9764
1.2740,18.495504,67228.205400,13447.490630,132.8334
1.2760,29.665000,38858.957755,7774.758051,127.8645
1.2780,24.610243,22978.842401,4598.229504,151.8768
1.2800,43.852585,45950.522265,9194.489712,146.1548
1.2820,39.714324,72791.978829,14562.367198,151.8767
1.2840,29.219110,37995.676579,7602.057227,139.3416
1.2860,67.388915,57387.343018,11484.207495,146.6352
1.2880,68.315163,90449.095527,18096.650622,141.3064
1.2900,67.382930,90419.403757,18090.619044,141.9054
1.2920,68.245545,90384.147045,18083.653963,143.5555
1.2940,54.436609,63652.822642,12736.008189,152.4297
1.2960,66.709508,66895.909368,13385.852824,120.8475
1.2980,62.605730,87032.986625,17412.857898,151.9643
1.3000,66.567311,86948.740202,17396.404771,125.3198
1.3020,50.818193,82061.835355,16417.448890,133.3897
1.3040,60.061315,62715.357347,12549.077601,141.7105
1.3060,54.318290,55366.008968,11078.633623,151.4658
1.3080,43.748017,54644.398440,10933.254490,157.8759
1.3100,39.616065,72397.632471,14483.488101,151.3347
1.3120,27.039474,30020.514957,6006.806939,152.2741
1.3140,43.420935,67386.179777,13481.578049,136.8137
1.3160,42.666191,72448.623687,14493.991356,151.8981
1.3180,43.399274,72408.375576,14486.015043,132.9741
1.3200,42.631708,72400.378259,14484.338823,151.5639
1.3220,43.370163,72362.961341,14476.929284,130.9506
1.3240,42.593506,72354.074190,14475.074189,151.3122
1.3260,43.333539,72319.362558,14468.205866,131.1028
1.3280,42.551567,72309.647287,14466.184614,151.1876
1.3300,43.289394,72277.568886,14459.842717,133.7209
1.3320,26.319163,67399.258223,13482.483561,138.7942
1.3340,23.854739,38488.254871,7700.036448,151.9495
1.3360,27.966175,21223.668066,4247.530231,150.3156
1.3380,23.737494,21221.094090,4246.592567,152.0560
1.3400,42.733627,45022.686689,9008.810700,142.8188
1.3420,39.556776,72001.896284,14404.334934,151.8508
1.3440,42.678957,71962.804385,14396.828773,138.2816
1.3460,39.565788,71961.405772,14396.237733,151.7778
1.3480,27.479188,36754.851646,7353.718248,149.7076
1.3500,43.393020,45686.507251,9141.640752,129.1807
1.3520,25.527097,67192.812606,13441.115231,130.0860
1.3540,23.625397,38190.977112,7640.557962,144.5197
1.3560,27.292939,20726.678079,4148.064910,149.6051
1.3580,66.791166,56091.161667,11224.911450,156.9861
1.3600,67.070903,89306.948127,17868.096716,149.4047
1.3620,66.816783,89293.545795,17865.390837,158.2469
1.3640,67.060922,89281.581797,17863.022452,149.1954
1.3660,53.090696,62079.535077,12421.216085,151.7292
1.3680,42.732073,53348.842529,10674.041713,135.5839
1.3700,39.366630,71697.083694,14343.353402,151.3244
1.3720,42.702616,71663.580315,14336.986325,132.5956
1.3740,39.399190,71660.617268,14336.063373,151.1340
1.3760,42.666432,71630.058879,14330.278419,132.0352
1.3780,39.427282,71626.658120,14329.274352,151.1936
1.3800,24.832884,28500.001771,5702.483643,152.9300
1.3820,43.281047,66646.000320,13333.528169,138.5116
1.3840,24.796223,66884.695136,13379.418649,152.1412
1.3860,23.109393,37699.865052,7542.283950,151.7704
1.3880,42.113033,44460.945072,8896.400318,156.9856
1.3900,39.549292,71525.779108,14309.110751,151.7792
1.3920,26.887945,36118.967605,7226.482316,152.0626
1.3940,43.295175,45281.489981,9060.627514,134.0660
1.3960,42.426061,71747.734011,14353.789408,151.8249
1.3980,43.281143,71723.663237,14349.060762,132.2237
1.4000,42.416288,71725.149240,14349.271477,151.7028
1.4020,43.259596,71703.536309,14345.033221,133.1337
1.4040,24.228897,66734.836611,13349.390212,135.0736
1.4060,22.942881,37429.529276,7488.200143,146.9052
1.4080,26.577239,19617.632115,3926.184147,151.7906
1.4100,22.833147,19624.750318,3927.233378,152.0319
1.4120,41.752997,44205.605175,8845.296335,148.3152
1.4140,39.319386,71329.073453,14269.746629,151.8373
1.4160,41.731163,71300.051242,14264.183365,142.1832
1.4180,39.335941,71301.650514,14264.263697,151.7551
1.4200,26.213498,35752.116405,7153.044631,152.0780
1.4220,66.358739,55312.568838,11069.149641,129.0528
1.4240,66.481343,88683.599497,17743.368034,151.9183
1.4260,66.358855,88663.068902,17739.249666,131.4324
1.4280,56.762781,84825.600551,16970.796388,137.7979
1.4300,48.238633,52417.293803,10488.282624,151.4004
1.4320,56.768495,60062.926286,12018.262107,152.1085
1.4340,66.225526,68106.405318,13627.903616,150.6189
1.4360,66.441929,88630.063327,17732.656858,151.8601
1.4380,66.196205,88608.128514,17728.245323,143.6506
1.4400,66.399420,88608.768489,17728.393640,151.7138
1.4420,66.159641,88587.777161,17724.171396,138.6886
1.4440,66.352089,88586.385267,17723.912262,151.7123
1.4460,51.860357,60852.057294,12175.597495,152.1763
1.4480,41.190350,51994.991315,10403.117298,130.1560
1.4500,14.894713,65832.446543,13167.978780,136.1035
1.4520,26.224907,37064.608293,7415.544149,148.3029
1.4540,22.272826,18877.746904,3777.776663,151.9048
1.4560,41.089850,43820.804009,8768.269787,157.5953
1.4580,38.969369,71048.439229,14213.584783,151.7686
1.4600,41.050761,71026.297317,14209.364540,154.2541
1.4620,38.963842,71037.444131,14211.385210,151.7728
1.4640,25.908356,35323.579224,7067.306680,152.1172
1.4660,43.110077,44827.103934,8969.731794,131.9955
1.4680,42.253232,71457.313216,14295.687966,151.8776
1.4700,43.119046,71438.110471,14291.933999,131.1230
1.4720,42.266411,71443.300654,14292.886772,151.7257
1.4740,43.120360,71426.432588,14289.598554,133.3067
1.4760,22.843204,66324.373999,13267.159120,137.8594
1.4780,22.154110,36656.237822,7333.462975,152.6295
1.4800,25.710117,18465.359894,3695.642991,151.5790
1.4820,22.056267,18480.806153,3698.366857,152.2136
1.4840,40.894050,43622.798290,8728.649063,142.6319
1.4860,38.849792,70884.120713,14180.709122,151.8554
1.4880,40.904536,70860.303018,14176.151057,137.1933
1.4900,38.883496,70862.787169,14176.445784,151.5267
1.4920,40.907494,70841.816832,14172.454116,134.2419
1.4940,38.913383,70843.907926,14172.672923,151.3673
1.4960,25.379609,35021.833217,7006.904604,151.8798
1.4980,66.032529,54743.556137,10955.314480,133.8798
1.5000,55.568355,84265.518895,16858.660614,144.4206
1.5020,47.335291,51381.097977,10280.953125,151.2756
1.5040,55.751677,59210.214192,11847.618006,152.3865
1.5060,65.926770,67498.072046,13506.207086,141.7346
1.5080,66.049498,88247.371723,17656.079294,152.0785
1.5100,65.913020,88227.842355,17652.159773,136.1362
1.5120,66.025180,88232.627499,17653.128018,151.8363
1.5140,65.892035,88214.009397,17649.391083,132.9909
1.5160,65.996008,88216.748755,17649.949352,151.6998
1.5180,65.863661,88198.910731,17646.368512,132.7416
1.5200,42.537316,78538.932058,15712.040143,151.7370
1.5220,21.594613,34537.584389,6909.676339,152.1431
1.5240,40.501596,43353.677282,8674.785616,137.6264
1.5260,14.021601,65545.906111,13110.583382,153.2133
1.5280,25.523809,36696.129953,7341.778371,151.9039
1.5300,21.577336,17888.660094,3579.889752,151.8886
1.5320,40.445505,43329.214514,8669.887453,143.3335
1.5340,38.648998,70671.071361,14138.079172,151.7733
1.5360,40.428078,70654.400888,14134.922985,138.5852
1.5380,38.656666,70665.857752,14137.037217,151.8017
1.5400,25.236824,34711.956216,6944.914926,152.0654
1.5420,43.139933,44526.864073,8909.686808,131.4173
1.5440,21.910367,66068.777696,13215.946576,136.9650
1.5460,21.551585,36131.094358,7228.374030,151.4918
1.5480,25.172350,17675.013288,3537.519893,151.1336
1.5500,43.254754,44544.718102,8913.269096,155.8562
1.5520,42.398966,71292.357155,14262.711328,150.9272
1.5540,58.717575,57075.129645,11420.897687,143.2146
1.5560,42.554466,56974.348125,11399.125072,151.2655
1.5580,42.990177,71270.725301,14258.444078,138.4249
1.5600,42.521173,71290.657221,14262.383561,151.2496
1.5620,21.609785,34379.446084,6878.050195,152.2495
1.5640,39.984243,43167.172865,8637.432997,129.5126
1.5660,13.941554,65430.768472,13087.547850,136.8998
1.5680,25.133140,36531.668764,7308.847067,148.1283
1.5700,50.492381,33945.998513,6794.248941,151.4631
1.5720,40.121711,50825.375057,10169.087183,157.4365
1.5740,38.440091,70556.258313,14115.095672,151.4028
1.5760,40.089207,70540.078552,14112.024631,154.4179
1.5780,38.429772,70561.447724,14116.132522,151.5541
1.5800,25.259449,34538.257828,6910.177511,152.1860
1.5820,42.884781,44457.838067,8895.856092,131.0968
1.5840,42.443647,71242.435697,14252.731504,151.9328
1.5860,42.902536,71224.937539,14249.277762,130.5665
1.5880,42.458074,71235.287468,14251.303301,151.7534
1.5900,42.913123,71220.135819,14248.318476,133.0724
1.5920,21.647836,65949.296058,13192.023995,137.1979
1.5940,21.207479,35845.266462,7171.174040,152.4934
1.5960,25.144335,17314.892553,3465.492944,151.6877
1.5980,21.120515,17340.577443,3470.227540,152.3630
1.6000,39.983702,43062.388435,8616.476057,142.6606
1.6020,38.296672,70492.238438,14102.277355,152.0571
1.6040,40.003414,70472.643739,14098.529089,136.9608
1.6060,38.328997,70483.441719,14100.521244,151.6805
1.6080,40.016095,70466.628444,14097.327298,133.6855
1.6100,38.358230,70476.866916,14099.209206,151.4427
1.6120,18.655155,49222.663992,9846.398314,152.1281
1.6140,13.540827,46702.993780,9341.952839,151.9425
1.6160,39.838799,65179.765236,13039.936927,135.6444
1.6180,38.471782,70445.917355,14093.030649,151.7989
1.6200,39.810973,70427.946684,14089.570434,133.6633
1.6220,38.465051,70443.245926,14092.495690,151.7886
1.6240,24.836277,34329.763454,6868.436318,151.7596
1.6260,43.071340,44347.881806,8873.883495,136.7303
1.6280,21.117364,65871.996610,13176.511058,147.6134
1.6300,21.192254,35697.836164,7141.686458,140.9656
1.6320,24.773990,17050.836564,3412.644712,151.8790
1.6340,65.533827,54249.288665,10856.411116,126.0310
1.6360,65.794009,87992.664202,17605.112241,151.5476
1.6380,65.567039,87990.640041,17604.684712,116.4209
1.6400,65.808242,88000.966686,17606.774161,151.3714
1.6420,49.977231,59556.487441,11916.295211,126.2837
1.6440,40.001619,50379.336908,10079.867543,129.4225
1.6460,13.140293,65344.859844,13070.285998,104.3180
1.6480,21.230961,17076.791399,3417.481376,150.8627
1.6500,20.956046,35600.799816,7122.255568,125.4316
1.6520,50.496038,46846.262386,9374.302081,136.2504
1.6540,41.398109,74116.075802,14827.354971,149.0640
1.6560,76.007071,80792.443007,16166.089308,154.6964
1.6580,64.483196,90159.009591,18038.250238,151.7524
1.6600,76.100965,90170.229503,18041.655997,152.9908
1.6620,41.446803,80906.834505,16185.511581,128.4151
1.6640,40.824459,42186.171340,8441.316714,133.1020
1.6660,43.103872,49380.358884,9880.382164,133.5219
1.6680,42.555612,71209.214701,14246.098501,134.8884
1.6700,43.100888,71196.144694,14243.539028,132.0346
1.6720,42.564153,71219.944966,14248.245409,136.9176
1.6740,43.090758,71209.328457,14246.174767,133.4169
1.6760,20.752110,65809.944207,13164.064052,124.5103
1.6780,21.090271,35453.031800,7092.715387,149.1343
1.6800,24.740046,16871.127340,3376.699473,148.1358
1.6820,20.968055,16861.700896,3374.436985,152.0046
1.6840,39.181029,42783.786138,8560.675330,148.8921
1.6860,38.017634,70306.938141,14065.189392,151.8159
1.6880,39.181429,70286.174702,14061.153083,142.4578
1.6900,38.018099,70297.390639,14063.279938,151.7239
1.6920,24.560916,34130.739376,6828.603967,152.5235
1.6940,65.712921,54243.567817,10855.284856,128.8591
1.6960,53.850223,83720.185743,16749.422171,130.4299
1.6980,49.893702,60201.131362,12045.215643,144.6930
1.7000,54.461620,49879.448768,9981.335916,152.1747
1.7020,65.879043,67018.785087,13410.344922,155.8410
1.7040,65.788471,88192.573175,17645.093482,151.7412
1.7060,65.932697,88191.138458,17644.820961,155.6597
1.7080,65.832537,88208.138990,17648.211052,151.4307
1.7100,65.977126,88206.896199,17647.976953,148.1068
1.7120,65.869554,88221.494421,17650.885840,151.2820
1.7140,49.884185,59564.364149,11917.861248,151.8501
1.7160,39.502649,50022.219353,10008.394135,131.5867
1.7180,37.911248,70214.727794,14046.736684,151.5596
1.7200,56.663572,55232.504022,11052.167162,128.9602
1.7220,13.165755,42896.496097,8580.615795,135.2254
1.7240,25.001859,36461.272471,7294.754680,144.8189
1.7260,20.787702,16818.469838,3365.772738,152.0844
1.7280,39.159893,42690.032860,8541.922561,156.5004
1.7300,38.050151,70218.834873,14047.571990,151.8535
1.7320,39.144959,70202.482518,14044.410999,157.1508
1.7340,38.039211,70226.121177,14049.028156,151.7254
1.7360,39.124965,70212.875737,14046.487644,149.6857
1.7380,38.027175,70235.887311,14050.980180,151.7413
1.7400,24.793540,34071.016101,6816.682574,152.1564
1.7420,43.245387,44408.839606,8886.092460,130.2578
1.7440,42.737758,71276.181093,14259.509994,151.9149
1.7460,43.233431,71257.212882,14255.765920,131.4091
1.7480,20.663875,65802.394839,13162.545355,133.2181
1.7500,20.818656,35342.142162,7070.510298,148.8030
1.7520,24.722593,16719.834919,3346.439243,151.3543
1.7540,43.283204,44427.600338,8889.848388,158.9271
1.7560,42.695436,71311.014940,14266.472531,151.3264
1.7580,20.735850,34059.846566,6814.042898,152.1679
1.7600,39.174245,42668.424898,8537.602404,140.5404
1.7620,37.926800,70202.726001,14044.337880,151.9289
1.7640,39.208373,70186.356271,14041.192091,135.6562
1.7660,37.963401,70200.417040,14043.879748,151.7668
1.7680,39.236029,70186.992762,14041.322155,133.2469
1.7700,37.997751,70200.651233,14043.930022,151.5920
1.7720,24.489801,33999.462251,6802.341430,152.2977
1.7740,65.696081,54178.045923,10842.178793,135.6879
1.7760,53.735863,83662.324678,16737.838522,145.5170
1.7780,45.963904,49807.547405,9966.105871,151.5071
1.7800,24.904703,45478.351723,9098.160815,152.4242
1.7820,42.955203,44330.358566,8870.367234,139.6492
1.7840,42.826363,71210.305947,14246.343826,152.1260
1.7860,42.934327,71187.328414,14241.759116,134.9773
1.7880,42.798341,71202.867836,14244.853401,151.8905
1.7900,42.907220,71182.379344,14240.766591,132.6962
1.7920,42.767340,71196.722205,14243.621175,151.7553
1.7940,42.873741,71178.622715,14240.011917,132.9631
1.7960,20.677641,65728.826631,13147.833090,132.1050
1.7980,20.712010,35263.383333,7054.747868,144.8687
1.8000,24.783074,16566.983268,3315.874961,151.7921
1.8020,20.615443,16564.681760,3314.997896,152.0445
1.8040,39.048154,42677.335341,8539.371884,153.0779
1.8060,37.884739,70250.805251,14053.949524,151.8395
1.8080,39.069492,70237.871562,14051.481261,145.7496
1.8100,37.909881,70261.127535,14056.016495,151.7243
1.8120,39.084839,70251.103561,14054.129196,140.3709
1.8140,37.933122,70273.706891,14058.534690,151.7376
1.8160,24.541567,34013.528541,6805.159865,152.1758
1.8180,42.933253,44226.396353,8849.572596,130.4808
1.8200,20.493315,65695.820672,13141.213466,134.3770
1.8220,20.722371,35264.508406,7054.973918,151.4226
1.8240,24.488369,16512.690027,3304.986842,151.4621
1.8260,65.309298,54089.310582,10824.393046,157.4351
1.8280,65.637788,88035.116722,17613.587123,151.3567
1.8300,65.344477,88033.256792,17613.185806,151.9031
1.8320,65.647319,88042.493227,17615.063377,151.2495
1.8340,49.477942,59319.479920,11868.843778,151.5904
1.8360,59.192503,60801.651544,12166.249559,132.1204
1.8380,57.708335,81434.544735,16292.679780,151.1694
1.8400,59.227427,81421.843460,16290.291435,130.2985
1.8420,57.756784,81435.982474,16292.972173,150.8860
1.8440,59.254495,81424.571217,16290.839693,131.3921
1.8460,45.823533,77223.977551,15449.377863,137.6535
1.8480,53.495620,49595.382387,9924.426039,151.9335
1.8500,49.696346,60033.451952,12011.660025,151.8042
1.8520,39.326291,49961.540431,9996.240715,157.9300
1.8540,38.256445,70336.168693,14071.059383,151.7105
1.8560,24.642266,34057.377038,6813.939634,152.5370
1.8580,42.713092,44118.448905,8827.961090,132.5528
1.8600,42.474156,71012.994506,14206.846317,152.2368
1.8620,42.694636,70986.495183,14201.568500,130.3002
1.8640,42.445954,70995.977346,14203.440065,151.9797
1.8660,42.669799,70971.972226,14198.661425,130.7634
1.8680,20.567876,65604.475069,13122.951801,132.2485
1.8700,20.788971,35258.148675,7053.708632,146.4328
1.8720,24.536863,16471.091706,3296.672027,151.7745
1.8740,42.694793,44098.304511,8823.930381,158.4111
1.8760,42.342467,71001.723415,14204.578930,151.7343
1.8780,20.734425,33748.674102,6751.808263,152.3263
1.8800,39.442724,42831.776295,8570.299532,141.0528
1.8820,38.236587,70379.871906,14079.798040,152.0527
1.8840,39.485773,70366.533212,14077.255220,135.8773
1.8860,38.283122,70387.244899,14081.277292,151.8400
1.8880,39.522428,70376.776130,14079.307469,133.1244
1.8900,38.327389,70396.901883,14083.213115,151.7241
1.8920,39.552676,70389.236433,14081.802554,133.1841
1.8940,38.369300,70408.807575,14085.598445,151.7440
1.8960,24.241457,34079.210833,6818.266312,151.6908
1.8980,42.726518,43961.728302,8796.618312,141.8428
1.9000,20.341302,65547.658561,13111.565842,152.2064
1.9020,12.878350,16470.540035,3295.395842,151.7252
1.9040,24.230129,36136.748708,7229.772755,152.2194
1.9060,64.747744,53744.576680,10755.390110,135.0936
1.9080,65.105412,87646.695117,17535.849565,151.9629
1.9100,64.706721,87623.273979,17531.125468,132.4070
1.9120,65.049127,87628.672950,17532.239503,151.7870
1.9140,64.658798,87606.008993,17527.667678,132.4254
1.9160,64.988424,87609.199398,17528.338722,151.7303
1.9180,49.498482,58934.909210,11791.931690,152.2982
1.9200,39.408690,49987.503360,10001.441541,137.3223
1.9220,12.464249,65324.805927,13066.207610,152.7752
1.9240,24.455019,36104.167897,7223.279081,151.8142
1.9260,20.716697,16277.965681,3257.664806,152.0157
1.9280,39.421825,42903.834417,8584.709066,142.1833
1.9300,38.317212,70476.215463,14099.074814,151.8130
1.9320,39.441236,70467.550743,14097.454272,137.3056
1.9340,38.344438,70494.334534,14102.701351,151.7135
1.9360,24.205497,34106.280982,6823.676746,152.5121
1.9380,42.101766,43760.801977,8756.370572,129.8062
1.9400,20.347018,65414.365454,13084.907793,136.4239
1.9420,20.837546,35219.434427,7045.970640,151.7265
1.9440,24.146305,16245.800003,3251.574631,152.2075
1.9460,42.160298,43763.137717,8756.843573,155.6805
1.9480,41.702191,70692.546431,14142.679505,151.9533
1.9500,42.183899,70675.869646,14139.392319,147.7886
1.9520,41.706785,70683.398272,14140.850333,151.7814
1.9540,42.199807,70668.898329,14137.999647,141.6945
1.9560,41.707683,70675.591267,14139.289022,151.7296
1.9580,20.852454,33465.140798,6695.113405,152.3770
1.9600,39.787217,42993.316694,8602.642061,129.1882
1.9620,38.550117,70522.858474,14108.426706,151.9228
1.9640,39.845456,70511.139119,14106.212369,131.1117
1.9660,12.702003,65363.846720,13074.039544,139.1509
1.9680,20.097998,16288.831299,3259.776060,151.5226
1.9700,49.527623,46209.072908,9246.767344,151.6134
1.9720,59.499181,60965.359427,12199.021803,152.0123
1.9740,58.437797,81729.468735,16351.737527,151.3656
1.9760,59.502775,81719.201110,16349.790499,144.8952
1.9780,58.455993,81748.738057,16355.593211,151.2467
1.9800,39.722788,74575.923848,14919.157048,140.3541
1.9820,38.699068,70617.915340,14127.452975,151.3445
1.9840,24.242681,34200.553672,6842.535003,152.1228
1.9860,41.725677,43611.188852,8726.410338,129.8034
1.9880,20.454498,65335.995859,13069.244622,134.9670
1.9900,20.952928,35253.651870,7052.825667,149.7387
1.9920,24.166549,16235.234226,3249.463500,151.8742
1.9940,41.765907,43613.958901,8726.968371,157.4480
1.9960,41.545271,70545.932249,14113.340977,151.7494
1.9980,41.774927,70530.891767,14110.355846,152.8922
2.0000,41.535893,70541.651758,14112.483941,151.7508
2.0020,20.924113,33344.052302,6670.902872,152.2319
2.0040,39.846515,43132.281585,8630.440969,132.6157
2.0060,38.679143,70679.192054,14139.706325,151.9785
2.0080,39.882966,70667.299344,14137.448165,131.0984
2.0100,38.722131,70688.384377,14141.549089,151.7939
2.0120,39.913360,70679.341803,14139.859697,132.4740
2.0140,12.552832,65469.229004,13095.101084,137.4037
2.0160,24.041283,36016.364355,7205.676999,149.7263
2.0180,21.047129,16275.586213,3257.221956,151.4683
2.0200,23.847873,16230.168242,3248.418436,151.6938
2.0220,41.910808,43514.295873,8707.050255,141.8957
2.0240,41.278048,70441.396814,14092.407167,151.2721
2.0260,41.944013,70422.557489,14088.705899,136.3969
2.0280,41.293600,70427.362437,14089.601847,150.9605
2.0300,41.969220,70410.654211,14086.327764,133.2253
2.0320,41.305187,70414.606750,14087.051869,150.7934
2.0340,57.584291,56055.155115,11216.789452,131.1446
2.0360,20.143485,43674.129274,8736.840203,133.4646
2.0380,49.668200,46304.804840,9265.927788,146.3073
2.0400,53.836638,49332.792511,9871.942166,151.7358
2.0420,63.953132,66060.786735,13218.552660,158.9371
2.0440,64.261686,87168.783797,17440.182928,151.7492
2.0460,49.658995,58677.682017,11740.502303,152.1512
2.0480,40.100327,50356.993969,10075.408826,139.7684
2.0500,38.990601,70787.472930,14161.393646,151.9207
2.0520,40.107502,70774.777871,14158.966324,135.3063
2.0540,39.006396,70802.503563,14164.401352,151.7619
2.0560,40.109831,70792.721848,14162.555353,133.3540
2.0580,39.020936,70819.718973,14167.845888,151.7108
2.0600,23.943933,34346.743429,6871.743079,152.3236
2.0620,41.481090,43366.827150,8677.513539,134.4969
2.0640,20.381386,65211.367824,13044.311703,147.7826
2.0660,21.143645,35303.338706,7062.782106,151.7565
2.0680,23.869880,16212.537920,3244.894572,152.0648
2.0700,41.542088,43365.122722,8677.178753,145.3233
2.0720,41.136214,70289.436516,14062.000925,151.8594
2.0740,41.562615,70272.768338,14058.709929,139.4365
2.0760,41.140033,70281.082048,14060.330413,151.7415
2.0780,41.575344,70266.545985,14057.466731,135.8141
2.0800,41.139938,70273.900090,14058.894012,151.7282
2.0820,21.125655,33141.993899,6630.511345,152.2336
2.0840,40.343261,43333.927904,8670.819907,131.5748
2.0860,12.540969,65557.121487,13112.678394,140.4153
2.0880,20.114068,16242.314212,3250.474249,151.4974
2.0900,21.400431,35330.205966,7068.181236,152.3714
2.0920,40.076377,43343.691477,8672.745933,148.0407
2.0940,39.333857,70861.526406,14176.238667,152.0843
2.0960,40.072095,70841.992126,14172.405635,141.2779
2.0980,39.331653,70869.798420,14177.892849,151.8588
2.1000,40.063334,70853.521046,14174.710543,136.5586
2.1020,39.328809,70880.592774,14180.051436,151.7317
2.1040,40.050043,70867.482997,14177.501604,134.3254
2.1060,39.325156,70893.861364,14182.704788,151.7429
2.1080,23.562663,34376.196909,6877.595648,152.1081
2.1100,63.410568,53024.183743,10611.177805,134.2139
2.1120,53.226914,83015.667647,16608.456221,146.4634
2.1140,49.670035,60014.712046,12007.909413,151.5373
2.1160,23.879143,32778.947827,6558.177480,151.8452
2.1180,41.032187,43217.590783,8647.621375,148.1789
2.1200,40.877290,70157.936621,14035.675053,151.7393
2.1220,41.045131,70144.039570,14032.912427,142.2658
2.1240,40.873592,70155.159882,14035.119336,151.7613
2.1260,21.132815,33035.547919,6609.222865,152.2049
2.1280,40.263593,43408.510557,8685.728471,129.7973
2.1300,12.355999,65594.671130,13120.169826,131.9882
2.1320,23.794850,35897.457388,7181.870963,144.0681
2.1340,21.223915,16198.322983,3241.786988,151.9602
2.1360,40.342335,43448.875692,8693.809372,157.2271
2.1380,39.204857,70973.498666,14198.620219,151.7886
2.1400,40.404078,70966.477230,14197.335854,158.1332
2.1420,39.261084,70986.793017,14201.284712,151.5816
2.1440,23.615849,34480.610502,6898.483685,152.2638
2.1460,41.307814,43163.390650,8636.808911,134.1082
2.1480,40.715770,70086.226360,14021.316849,151.8314
2.1500,41.344040,70068.499937,14017.834391,131.1946
2.1520,40.736770,70074.112424,14018.896162,151.4963
2.1540,41.371977,70058.441731,14015.825544,131.0072
2.1560,40.753420,70063.097738,14016.694890,151.2932
2.1580,41.391614,70049.420922,14014.023346,133.7984
2.1600,20.271772,65111.735768,13024.374331,141.5865
2.1620,12.577591,16319.284588,3265.114677,152.1235
2.1640,23.590850,35873.938640,7177.146813,151.3279
2.1660,63.361941,53003.569312,10607.050056,152.7886
2.1680,63.747442,86816.959247,17369.766594,151.4275
2.1700,49.660511,58443.994334,11693.764918,151.7690
2.1720,60.327575,61315.686780,12269.170113,131.3803
2.1740,59.273114,82171.773998,16440.282111,151.4919
2.1760,60.320702,82153.230699,16436.678210,130.5407
2.1780,59.279753,82171.973986,16440.322773,151.3047
2.1800,60.307680,82155.070446,16437.044857,132.6087
2.1820,45.506247,77365.349390,15477.620503,137.3251
2.1840,23.869146,44784.980423,8959.382999,152.1871
2.1860,21.309018,16215.434752,3245.217852,151.7194
2.1880,23.675206,16170.169275,3236.401376,152.2660
2.1900,41.030393,43063.902120,8616.883463,141.9319
2.1920,40.694263,69992.944902,14002.658407,152.0245
2.1940,41.060697,69974.777531,13999.061576,136.4573
2.1960,40.706761,69985.138551,14001.098386,151.8357
2.1980,41.083059,69969.103271,13997.928960,133.2982
2.2000,40.715129,69978.374600,13999.746433,151.7333
2.2020,41.097417,69964.398899,13996.989521,132.8476
2.2040,40.719264,69972.599541,13998.591835,151.7543
2.2060,21.284645,32900.631695,6582.254804,152.2300
2.2080,40.708759,43563.120866,8716.695049,139.0569
2.2100,12.391105,65693.498060,13139.938722,152.4225
2.2120,20.114230,16188.803885,3239.772200,151.7317
2.2140,21.542984,35338.334553,7069.821209,152.3677
2.2160,40.409529,43564.809156,8717.002784,136.5013
2.2180,39.667138,71073.375856,14218.641885,152.0854
2.2200,40.389331,71052.090096,14214.456952,132.9240
2.2220,39.652317,71078.491678,14219.663567,151.8626
2.2240,40.365215,71060.550088,14216.146539,131.9249
2.2260,39.637348,71086.277183,14221.219171,151.7353
2.2280,40.337122,71071.592749,14218.352262,133.7837
2.2300,12.480187,65686.562592,13138.560537,137.3381
2.2320,23.519022,35827.301698,7167.812242,150.7931
2.2340,21.613357,16140.751307,3230.311597,151.7785
2.2360,23.316090,16093.292473,3220.990104,152.0061
2.2380,63.034436,52813.974660,10569.098376,144.2517
2.2400,63.253920,86647.095139,17335.744420,151.8222
2.2420,63.045654,86636.755418,17333.655649,138.7154
2.2440,63.246650,86649.445674,17336.213800,151.7239
2.2460,63.048499,86639.429588,17334.190768,135.4115
2.2480,63.233625,86649.773965,17336.278156,151.7478
2.2500,49.626601,58288.727005,11662.708061,152.1686
2.2520,40.544197,50590.354138,10122.125247,133.0565
2.2540,12.191680,65708.293636,13142.877895,142.3887
2.2560,23.618623,35834.050126,7169.171887,151.8893
2.2580,21.315021,16119.859954,3226.103493,151.9429
2.2600,40.591485,43626.658976,8729.390944,150.9013
2.2620,39.444477,71150.167999,14233.978048,151.7825
2.2640,40.638162,71141.360606,14232.335937,144.2008
2.2660,39.488905,71160.176819,14235.984254,151.7071
2.2680,23.436364,34591.796764,6920.702989,152.3174
2.2700,40.900505,42906.793518,8585.448754,129.1853
2.2720,40.370456,69838.812606,13971.799567,151.9144
2.2740,40.939567,69821.770293,13968.448015,130.2176
2.2760,20.261971,64956.295649,12993.285327,136.4562
2.2780,12.404947,16219.266274,3245.093750,151.7341
2.2800,23.454915,35845.537254,7171.452942,152.1520
2.2820,40.765619,42901.192344,8584.315031,155.0913
2.2840,40.458036,69846.464370,13973.338678,151.9197
2.2860,40.750916,69826.612888,13969.397669,147.2991
2.2880,40.434261,69848.479127,13973.739252,151.7640
2.2900,40.729665,69831.007651,13970.274497,141.2860
2.2920,40.407194,69851.419958,13974.324711,151.7221
2.2940,21.583735,32814.192348,6564.996843,152.4339
2.2960,40.469764,43641.310277,8732.309032,129.1879
2.2980,12.530058,65724.559564,13146.164919,131.9431
2.3000,23.388022,35830.164561,7168.371714,145.4776
2.3020,49.681745,32547.093816,6514.386938,151.6126
2.3040,60.462879,61386.847096,12283.415707,156.3814
2.3060,59.432781,82284.178303,16462.778939,151.3914
2.3080,40.664269,75142.096338,15032.485694,155.9100
2.3100,39.531943,71194.077180,14242.768630,151.3180
2.3120,40.679883,71187.716259,14241.611240,148.6333
2.3140,39.551273,71211.880955,14246.331318,151.4493
2.3160,23.603961,34662.813030,6934.923002,152.1040
2.3180,40.718815,42889.107656,8581.893413,130.6362
2.3200,40.407593,69809.482956,13965.937350,151.8873
2.3220,40.746635,69794.350086,13962.944681,130.7382
2.3240,20.423859,64931.384593,12988.319305,133.9256
2.3260,21.475291,35357.715445,7073.690618,144.2310
2.3280,23.546155,16213.545439,3245.063703,151.4710
2.3300,40.884078,42919.435691,8587.975546,158.4976
2.3320,40.456153,69839.794383,13972.004492,151.3508
2.3340,21.414549,32819.263016,6565.994058,151.9368
2.3360,40.877171,43726.793541,8749.446425,138.8877
2.3380,39.630349,71219.153718,14247.793778,151.6028
2.3400,40.937295,71205.860405,14245.265810,134.4626
2.3420,39.687611,71218.800023,14247.728766,151.3786
2.3440,58.072261,56665.173197,11338.841865,130.4135
2.3460,39.892486,56550.874140,11314.164077,151.8816
2.3480,40.639018,71200.360344,14244.135971,132.2882
2.3500,12.502295,65818.928051,13165.035840,136.6107
2.3520,23.565713,35919.063682,7186.169308,151.7594
2.3540,21.700415,16246.935454,3251.557132,151.7390
2.3560,40.600303,43756.797983,8755.419627,159.2994
2.3580,39.830267,71260.370977,14256.057222,151.7564
2.3600,23.365937,34686.880756,6939.712745,147.6685
2.3620,63.025454,52828.993624,10572.101270,137.0442
2.3640,63.311614,86706.538483,17347.638858,146.2955
2.3660,63.035098,86697.857830,17345.875076,133.5750
2.3680,63.304517,86712.599719,17348.850396,145.0532
2.3700,63.036208,86704.141109,17347.131843,132.7526
2.3720,63.291442,86716.396903,17349.608525,143.9811
2.3740,49.650673,58369.133214,11678.791710,151.8089
2.3760,60.504877,61322.850047,12270.620497,127.6598
2.3780,45.451754,77288.634448,15462.272065,151.8689
2.3800,23.655449,44688.553426,8940.076230,138.8150
2.3820,21.371954,16186.617628,3239.460721,152.0340
2.3840,40.785091,43748.734841,8753.825477,125.6071
2.3860,39.592233,71261.606765,14256.280576,151.8368
2.3880,40.817345,71251.060697,14254.293874,119.3407
2.3900,39.626263,71269.133230,14257.789272,151.7099
2.3920,17.284752,43782.440238,8758.216523,132.2126
2.3940,12.278033,41850.054947,8371.238793,152.8573
2.3960,40.637106,65624.359274,13128.935565,103.5407
2.3980,39.706587,71241.114070,14252.193473,152.5124
2.4000,40.617544,71217.748953,14247.611545,103.9722
2.4020,12.368436,65840.714273,13169.379698,134.1797
2.4040,23.543092,35937.393089,7189.832927,124.8996
2.4060,21.579739,16191.001715,3240.358317,152.1938
2.4080,40.608639,43752.792141,8754.619292,132.2326
2.4100,39.702649,71261.468598,14256.263984,151.9358
2.4120,40.625104,71247.003066,14253.463124,126.0930
2.4140,39.715326,71268.298714,14257.631275,151.7700
2.4160,40.636555,71256.933659,14255.450387,117.6754
2.4180,39.727224,71277.915057,14259.555734,151.7355
2.4200,23.361543,34708.956898,6944.127534,124.8833
2.4220,40.821896,42818.234384,8567.729066,129.8193
2.4240,40.281958,69740.424899,13952.113176,124.4081
2.4260,40.827111,69723.730659,13948.828843,130.7547
2.4280,20.170508,64882.641970,12978.545445,105.1911
2.4300,21.683910,35342.710037,7070.710398,148.3938
2.4320,23.305015,16198.492582,3242.029018,124.7375
2.4340,80.593942,60473.964831,12102.852360,138.9640
2.4360,70.961923,96284.677481,19264.031689,141.4383
2.4380,68.298582,71077.378161,14222.305490,124.5160
2.4400,41.170685,56503.557841,11304.828637,137.9095
2.4420,39.755798,71265.024117,14256.980403,125.0773
2.4440,41.275483,71268.226209,14257.772790,134.0451
2.4460,39.873035,71299.970957,14263.981495,126.7446
2.4480,58.413626,56859.331063,11377.707575,131.0567
2.4500,12.191549,44077.265419,8816.672239,107.3402
2.4520,23.591731,35789.929952,7160.345163,144.3727
2.4540,21.781517,16273.967492,3256.971650,138.7594
2.4560,41.107561,43953.308664,8794.772489,158.7144
2.4580,40.206591,71429.747160,14289.970091,143.2704
2.4600,23.310938,34824.561037,6967.243301,152.2036
2.4620,40.105368,42561.882087,8516.386954,142.3604
2.4640,39.813677,69491.149742,13902.211316,151.9599
2.4660,40.046456,69455.346220,13895.073890,136.8486
2.4680,39.731606,69454.525634,13894.878287,151.7794
2.4700,39.982159,69421.550176,13888.308251,133.6284
2.4720,39.648157,69420.050792,13887.974974,151.6976
2.4740,21.912647,32571.242510,6516.439767,152.6701
2.4760,41.330701,44053.361687,8814.805408,133.0994
2.4780,12.398483,65919.037408,13185.047330,142.2085
2.4800,23.075693,35685.224978,7139.352565,151.4228
2.4820,49.803434,32626.491767,6530.278697,151.8597
2.4840,61.571479,61826.977878,12371.552723,146.8208
2.4860,60.312410,82770.703275,16560.171896,151.5629
2.4880,61.634750,82772.099822,16560.583439,140.5003
2.4900,60.397426,82807.418279,16567.523398,151.3660
2.4920,41.726462,75635.461510,15131.264948,136.4197
2.4940,40.419264,71611.337534,14326.309433,151.2911
2.4960,23.154737,35012.041605,7004.723795,152.2856
2.4980,39.708031,42259.027046,8455.776212,128.7999
2.5000,20.681165,64678.417150,12937.751547,138.0077
2.5020,12.229640,16363.724150,3273.967794,151.7654
2.5040,41.542083,65842.995576,13172.753323,159.3627
