t,lat_acc,jerk,lat_jerk,risk_rate,tilt_deg
0.0020,0.000000,0.000000,0.000000,0.000000,0.0000
0.0040,0.000000,0.000000,0.000000,0.000000,0.0039
0.0060,0.495724,7016.130794,6196.554908,11154.294559,0.0164
0.0080,0.704363,23626.350459,18982.087904,34168.462590,0.0390
0.0100,0.659032,23324.663941,18471.710334,33249.737633,0.0563
0.0120,0.798289,10577.233763,9277.415488,16700.146167,0.0798
0.0140,0.837017,24700.690116,16799.995025,30240.828062,0.1114
0.0160,0.624612,22015.139572,17848.470539,32127.871582,0.1257
0.0180,0.366028,9603.312658,7077.770709,12740.353304,0.1418
0.0200,0.829741,21571.935718,9672.861527,17411.980491,0.1685
0.0220,0.339633,18965.416889,14008.048337,25214.826641,0.1917
0.0240,0.835089,18958.220257,14001.991675,25204.420104,0.2160
0.0260,0.336524,22966.063389,18190.205287,32742.706041,0.2179
0.0280,0.332443,10796.645863,9364.216289,16855.921764,0.2312
0.0300,0.704584,24523.784393,12996.669884,23394.710376,0.2495
0.0320,0.275537,27141.024143,22227.891124,40010.479559,0.2462
0.0340,0.416020,10972.499608,9795.804720,17632.864515,0.2540
0.0360,0.737355,24018.339679,12723.775763,22903.533728,0.2695
0.0380,0.293042,26119.622791,21400.645315,38521.454610,0.2782
0.0400,0.696404,22825.041268,18316.078543,32969.637782,0.2976
0.0420,0.418788,21774.949198,17803.348059,32046.445294,0.2994
0.0440,0.309624,8273.142056,4940.034752,8892.372178,0.3029
0.0460,0.545736,21510.530537,9484.582906,17072.794967,0.3168
0.0480,0.252558,19096.980505,14145.356513,25461.894282,0.3156
0.0500,0.426974,8738.636758,8091.983168,14565.996677,0.3232
0.0520,0.361733,22116.816972,5726.353401,10307.797855,0.3328
0.0540,0.871594,19097.212794,6252.253239,11254.927424,0.3394
0.0560,0.258262,18951.715754,13974.656494,25154.639952,0.3569
0.0580,0.766552,18957.137879,13974.145377,25154.228230,0.3714
0.0600,0.175825,18953.943105,13972.851621,25151.308743,0.3968
0.0620,0.671507,18958.641161,13973.613414,25153.175652,0.4047
0.0640,0.682628,9211.134763,6549.149271,11789.151315,0.4145
0.0660,0.347072,21501.791142,9453.126946,17015.975575,0.4350
0.0680,0.583999,19086.181163,14115.703622,25408.850519,0.4381
0.0700,0.730334,9581.828824,7092.226011,12766.737153,0.4431
0.0720,0.156871,21551.461550,9634.937366,17343.044129,0.4589
0.0740,0.638593,18963.385194,13977.545527,25160.220542,0.4717
0.0760,0.134545,18960.318017,13976.733586,25158.254999,0.4952
0.0780,0.556156,18965.021016,13978.351074,25161.588089,0.5013
0.0800,0.561072,9221.290859,6566.922856,11821.022213,0.5152
0.0820,0.764257,24919.163915,4293.201579,7728.527099,0.5312
0.0840,1.174536,19045.291834,5996.814254,10795.440192,0.5444
0.0860,0.628920,19071.905973,14093.026651,25368.076892,0.5595
0.0880,1.384614,23042.321077,18232.374292,32819.658339,0.5674
0.0900,0.766615,22627.766576,17582.812295,31649.828746,0.5867
0.0920,1.229375,18909.304817,13586.141222,24456.283574,0.6032
0.0940,1.389026,22634.612698,18608.975250,33497.544475,0.6313
0.0960,1.507337,24631.471455,21190.620211,38144.623716,0.6422
0.0980,1.413267,8277.550278,4932.899517,8880.632398,0.6556
0.1000,0.531767,22479.947448,11569.589980,20825.793732,0.6791
0.1020,1.018486,20087.544517,15620.424364,28117.782341,0.6858
0.1040,1.064548,9259.073701,6311.056749,11360.966696,0.7001
0.1060,1.451564,26049.635968,8178.793983,14723.280733,0.7175
0.1080,1.909323,20109.560749,8827.005173,15890.518636,0.7324
0.1100,1.261640,18953.967981,14001.803255,25204.507499,0.7540
0.1120,0.822705,19833.392638,9436.575766,16986.659083,0.7711
0.1140,1.646784,15413.178411,14992.893019,26988.854218,0.7819
0.1160,1.000980,22670.382091,18034.798589,32463.638440,0.7943
0.1180,1.948676,23870.504318,19446.956983,35006.471246,0.8007
0.1200,1.485722,23758.427068,19175.050248,34516.576168,0.8188
0.1220,1.747768,19126.874425,14170.303151,25508.293439,0.8342
0.1240,1.306030,19128.506536,14176.363532,25518.760388,0.8613
0.1260,1.563217,19126.358040,14171.959805,25511.090867,0.8857
0.1280,1.144736,19128.816524,14178.588033,25522.603196,0.9215
0.1300,1.393187,19125.997114,14175.307049,25516.945874,0.9402
0.1320,1.527664,9625.718037,7155.573915,12881.560711,0.9672
0.1340,1.533905,25104.160340,5430.309265,9776.090582,0.9866
0.1360,2.254593,20838.373162,8382.197986,15090.210968,1.0001
0.1380,1.642745,22628.341723,18025.350583,32447.273794,1.0196
0.1400,1.433867,18330.561849,4109.323302,7398.215812,1.0374
0.1420,2.098655,15139.088529,14597.037868,26276.766816,1.0477
0.1440,1.431624,22662.627090,17669.505144,31806.540883,1.0704
0.1460,1.883818,18908.761007,13640.846259,24555.407085,1.0902
0.1480,1.225405,18913.293363,13652.635899,24575.970023,1.1221
0.1500,1.686442,18907.519780,13646.519049,24565.420731,1.1512
0.1520,1.035684,18913.634585,13661.998595,24592.633155,1.1830
0.1540,1.842385,22932.941152,17927.262796,32270.915418,1.1933
0.1560,1.849303,10901.612191,9712.879714,17485.032788,1.2124
0.1580,1.959025,24434.435551,2969.864871,5347.715793,1.2343
0.1600,2.350452,18426.269771,5190.451075,9345.162388,1.2543
0.1620,1.707925,18561.189632,13842.075258,24917.443389,1.2862
0.1640,2.110333,18511.994129,13772.104572,24791.898563,1.3161
0.1660,1.481379,18521.372760,13791.577792,24826.321404,1.3483
0.1680,2.232058,22616.629883,18094.038422,32571.501217,1.3601
0.1700,2.262392,11470.257448,9971.946356,17951.765832,1.3741
0.1720,1.582559,21617.145582,9154.965245,16480.520000,1.4005
0.1740,2.025264,18895.334019,13727.169104,24710.929652,1.4101
0.1760,2.033550,8447.271570,5674.376354,10215.910988,1.4283
0.1780,2.123676,24475.934583,2900.184760,5222.456245,1.4496
0.1800,2.516752,18424.384884,5253.440857,9458.710294,1.4692
0.1820,1.852828,18560.152475,13922.809066,25062.909146,1.5007
0.1840,2.256219,18549.989171,13917.557201,25053.859179,1.5304
0.1860,1.602982,18560.963987,13940.262527,25094.075531,1.5626
0.1880,2.594701,23907.046981,19683.603727,35433.081410,1.5746
0.1900,2.683812,13055.474742,11857.760276,21346.652308,1.5894
0.1920,1.974715,21656.125089,10016.462721,18031.607613,1.6165
0.1940,2.420609,19039.959427,14341.080387,25816.365305,1.6414
0.1960,1.724276,19056.453938,14368.908095,25865.758847,1.6777
0.1980,2.032282,18379.082498,13608.607478,24497.525743,1.6980
0.2000,2.110929,9300.772495,6122.630585,11022.845981,1.7258
0.2020,2.108344,25310.175337,3830.197400,6896.463664,1.7484
0.2040,2.864027,21584.123240,9287.963983,16721.199197,1.7641
0.2060,2.149957,22926.864550,18156.490065,32683.832075,1.7929
0.2080,2.572766,18844.385642,13874.191110,24976.116765,1.8192
0.2100,1.870213,18858.200945,13902.418527,25026.223561,1.8584
0.2120,2.303493,18841.281811,13897.410235,25017.641916,1.8808
0.2140,2.290198,8528.648054,5575.512271,10038.212287,1.9059
0.2160,1.678676,21081.855504,9421.340840,16960.092188,1.9338
0.2180,2.376252,22685.073150,18399.650534,33121.747213,1.9414
0.2200,2.424990,11498.008102,9881.628854,17789.356927,1.9534
0.2220,2.011385,22623.764062,6114.236754,11007.637543,1.9749
0.2240,2.441947,18161.391646,10335.284202,18605.953511,1.9938
0.2260,1.735525,18840.393100,14005.596587,25211.809381,2.0258
0.2280,2.177014,18822.184656,14002.919269,25207.431697,2.0409
0.2300,2.181617,8558.588792,5501.703731,9905.248333,2.0610
0.2320,1.828128,22336.819919,4589.014264,8262.053803,2.0799
0.2340,2.625512,21791.865755,14462.112225,26034.427517,2.0931
0.2360,1.952340,22595.894687,18285.399935,32915.672222,2.1189
0.2380,2.337451,18584.641599,14291.714397,25727.423365,2.1280
0.2400,2.337246,8585.186431,4870.003066,8768.342764,2.1394
0.2420,1.676709,21667.387022,10272.785829,18492.691202,2.1640
0.2440,2.086410,18746.884890,14262.451167,25674.498509,2.1748
0.2460,2.480146,5671.651929,3625.013880,6527.505130,2.1840
0.2480,1.739446,21804.357065,14214.583687,25587.990082,2.2055
0.2500,2.159074,18426.083839,14058.922215,25308.219061,2.2250
0.2520,1.476464,18590.547825,14410.604343,25940.564282,2.2484
0.2540,2.295534,22583.942680,18426.633290,33170.235456,2.2509
0.2560,2.295221,11876.159192,10351.646022,18635.258060,2.2608
0.2580,2.300849,25070.127560,719.104121,1296.688267,2.2755
0.2600,2.718258,18982.235236,5765.932759,10381.397224,2.2877
0.2620,1.983151,18786.128138,14292.931499,25729.259848,2.3079
0.2640,1.698608,19026.399422,5819.677244,10477.117648,2.3199
0.2660,1.753720,5369.695295,5291.239835,9525.985423,2.3259
0.2680,2.544884,10969.967447,9360.307743,16851.098822,2.3249
0.2700,1.814002,22892.937426,18650.148856,33572.081943,2.3375
0.2720,2.257616,18745.879806,14362.507618,25854.771329,2.3473
0.2740,1.535153,18762.398584,14400.906466,25923.166792,2.3614
0.2760,2.335125,22850.975314,18672.809402,33613.392048,2.3683
0.2780,1.605928,22890.821977,18727.377155,33710.884807,2.3889
0.2800,2.057800,18732.431336,14439.867730,25993.819713,2.3926
0.2820,2.109746,8689.104275,5158.935368,9288.193410,2.3987
0.2840,1.406043,21174.113582,10059.102057,18107.789747,2.4175
0.2860,1.849377,18531.892261,14675.774336,26418.243183,2.4202
0.2880,1.929338,9350.822789,5484.306774,9873.681530,2.4244
0.2900,1.210748,21614.478393,10071.318301,18129.583691,2.4414
0.2920,1.668660,18521.258825,14438.045435,25990.150443,2.4523
0.2940,1.798275,9065.212309,6848.423125,12328.959899,2.4516
0.2960,1.885675,13520.529268,1415.398170,2549.602382,2.4523
0.2980,1.164081,21611.986760,10167.306105,18302.315070,2.4660
0.3000,1.623584,18527.224426,14549.897802,26191.439628,2.4674
0.3020,2.285086,6693.369109,6213.288439,11186.204276,2.4638
0.3040,1.539022,22725.343606,18013.968955,32426.683141,2.4735
0.3060,2.008404,19340.559006,15669.976248,28207.965651,2.4808
0.3080,1.268842,19372.053917,15723.183968,28302.999985,2.4920
0.3100,2.094582,23406.421741,19832.367390,35700.355884,2.4824
0.3120,2.159099,12221.383226,10469.953347,18848.075123,2.4840
0.3140,1.095758,25110.185087,15442.420696,27797.453011,2.4939
0.3160,1.900493,27478.739156,24014.537320,43228.067669,2.4968
0.3180,1.188187,23344.593364,19918.781375,35854.994661,2.5077
0.3200,0.937938,19300.425803,8194.245386,14750.579633,2.5102
0.3220,1.097897,7458.493599,7355.573961,13241.131027,2.5055
0.3240,1.899952,12593.217278,10699.641402,19261.254475,2.4930
0.3260,1.167398,22770.210719,19245.729866,34643.481156,2.4944
0.3280,1.646934,18631.970802,14949.722166,26911.146834,2.4934
0.3300,0.956001,18582.315006,15018.798958,27034.794125,2.5056
0.3320,1.410996,19328.913022,16071.746511,28930.554716,2.5004
0.3340,1.532827,9159.495351,4954.881367,8920.319287,2.4970
0.3360,0.803207,21246.172850,10713.608280,19285.298111,2.5064
0.3380,1.305885,18459.469846,15171.320854,27309.683421,2.4994
0.3400,1.434213,9392.562508,4874.980636,8776.399359,2.4934
0.3420,0.706915,21586.221273,10762.864042,19373.862190,2.5009
0.3440,1.215990,18600.291903,15135.211094,27244.595959,2.4913
0.3460,1.353554,8945.963976,4570.449166,8228.162053,2.4832
0.3480,0.631208,21263.819075,10883.347085,19590.655961,2.4862
0.3500,0.897221,17659.991892,12253.863461,22057.851451,2.4755
0.3520,1.057926,6124.488239,2136.324487,3846.442003,2.4654
0.3540,0.340216,21579.351598,10944.596724,19700.614320,2.4690
0.3560,0.871932,18579.569571,15275.926433,27497.539511,2.4689
0.3580,0.164641,18599.687108,15318.288872,27573.084609,2.4816
0.3600,0.631428,18270.772294,14526.388251,26148.130279,2.4775
0.3620,0.804204,8113.048336,3551.398953,6393.322320,2.4608
0.3640,0.978652,1301.512112,1290.441727,2323.773760,2.4539
0.3660,0.106326,24921.919584,15390.442585,27702.902979,2.4547
0.3680,0.831888,27123.522171,24112.675050,43403.646977,2.4479
0.3700,0.118518,23592.969965,20810.206463,37458.490152,2.4490
0.3720,0.180699,19482.249186,9471.614750,17049.087249,2.4411
0.3740,0.205689,8105.646783,8005.928442,14410.876884,2.4290
0.3760,0.137318,8089.980435,7989.439843,14381.129036,2.4268
0.3780,0.138978,24982.040835,6640.662860,11953.332126,2.4291
0.3800,0.597908,19458.914032,9636.189202,17345.738471,2.4281
0.3820,0.198879,19611.635823,17013.499673,30624.498290,2.4350
0.3840,0.274304,19530.841607,9769.145168,17584.735606,2.4326
0.3860,0.187998,8270.906098,8171.816116,14709.457006,2.4166
0.3880,0.225041,6938.906552,6936.624012,12486.148262,2.4010
0.3900,0.532205,22343.433306,13334.081872,24001.879574,2.3981
0.3920,0.119519,19658.545914,17186.731236,30936.235743,2.3909
0.3940,0.610693,18734.515925,16044.289673,28880.332105,2.3968
0.3960,0.058522,18529.262675,15740.560773,28333.067913,2.3856
0.3980,0.331719,10009.882496,5378.574262,9681.765390,2.3746
0.4000,0.490887,22819.187119,13746.450463,24744.101720,2.3708
0.4020,0.576629,18845.886549,8188.853632,14740.513167,2.3579
0.4040,0.312242,4502.975399,4339.266577,7810.992081,2.3400
0.4060,0.398867,4432.234498,4265.554488,7678.396946,2.3316
0.4080,0.423212,24075.548998,736.406121,1325.954230,2.3227
0.4100,0.503565,24069.235093,704.486433,1268.579145,2.3184
0.4120,1.183915,18347.941622,7542.574932,13577.818793,2.3262
0.4140,0.563157,18411.145418,15929.050506,28672.854068,2.3165
0.4160,0.294455,9569.267852,4060.598165,7309.371151,2.3065
0.4180,1.335482,24833.659318,17115.662724,30809.528386,2.3035
0.4200,1.274499,21782.231604,14966.161451,26940.365110,2.2899
0.4220,1.032163,3917.843641,3259.394788,5867.942781,2.2626
0.4240,0.528032,14194.487915,14194.446013,25550.530856,2.2489
0.4260,1.187014,39208.337410,30409.338047,54737.995497,2.2446
0.4280,1.896042,21224.306446,14141.226525,25456.103787,2.2357
0.4300,1.180703,33805.215538,32626.411190,58728.720845,2.2359
0.4320,1.142527,18431.416367,7853.315933,14137.111206,2.2270
0.4340,0.944726,28740.010740,28726.356458,51708.386351,2.2164
0.4360,2.216527,21514.288471,12200.996172,21964.009637,2.2173
0.4380,0.912770,33852.265663,32600.266738,58681.392899,2.2015
0.4400,0.793522,9623.056513,3968.204916,7143.562369,2.1863
0.4420,1.248613,35832.353581,31076.217071,55938.439340,2.1777
0.4440,1.981571,18422.188091,8042.345869,14478.204135,2.1624
0.4460,1.071791,28467.061094,28456.450147,51222.682056,2.1497
0.4480,1.839245,20034.862441,10406.005834,18732.649746,2.1499
0.4500,1.087280,33906.525614,32815.709797,59069.364914,2.1310
0.4520,1.651978,9680.254576,3900.683083,7022.881528,2.1200
0.4540,1.743756,37584.750646,32762.691134,58974.587798,2.1266
0.4560,1.356460,22725.962769,20560.987280,37011.133563,2.1296
0.4580,1.757821,33914.188440,32756.520947,58963.495526,2.1390
0.4600,2.229081,18407.754035,8253.863171,14859.182790,2.1370
0.4620,1.374019,28735.923254,28708.300990,51676.315801,2.1209
0.4640,1.202975,3690.509693,3686.496737,6636.897102,2.1053
0.4660,1.700736,30053.241018,24557.723825,44205.603620,2.1008
0.4680,1.684399,18747.925583,16822.244952,30281.725312,2.0966
0.4700,1.971339,32559.460031,31271.852378,56291.305620,2.1037
0.4720,2.025135,20881.067469,11825.514760,21287.951704,2.1013
0.4740,1.519516,25108.815598,25087.754992,45159.478500,2.0833
0.4760,1.694269,3705.307176,3701.225400,6663.899990,2.0629
0.4780,1.859381,32621.068643,27642.561381,49758.469866,2.0556
0.4800,1.408413,18887.993758,16905.005886,30430.419007,2.0545
0.4820,2.165539,33592.639736,32269.064960,58086.482467,2.0685
0.4840,1.898609,22971.935714,21088.712123,37961.580431,2.0628
0.4860,1.150186,26772.847654,25161.958138,45292.674835,2.0571
0.4880,1.988215,21730.488408,13340.254677,24014.446633,2.0598
0.4900,1.774488,33728.232050,29654.142495,53379.230980,2.0505
0.4920,1.961994,4363.277211,4240.063570,7634.076421,2.0395
0.4940,2.047958,35443.184367,31072.359913,55932.295801,2.0414
0.4960,1.648381,18437.813259,16583.232151,29851.466254,2.0258
0.4980,1.008023,29920.009086,28538.842952,51370.925337,2.0175
0.5000,2.414223,25089.226873,17186.630381,30938.348909,2.0247
0.5020,1.446342,32326.320827,30962.782254,55734.454400,2.0282
0.5040,2.082995,20715.983336,19054.675807,34300.499448,2.0389
0.5060,2.004072,18429.123921,8849.525394,15931.149781,2.0389
0.5080,1.629997,4637.884984,4524.070282,8144.956504,2.0237
0.5100,1.241945,1436.883476,1436.835239,2587.545374,2.0077
0.5120,1.897403,21585.258263,13098.107753,23578.491359,2.0034
0.5140,1.221606,18474.311248,16710.028647,30079.273171,1.9955
0.5160,2.010326,19661.408606,17897.096658,32216.784311,2.0000
0.5180,1.237087,20998.027400,19300.095517,34741.409018,2.0006
0.5200,1.906229,19214.681664,17478.497136,31463.201073,2.0086
0.5220,1.832163,18443.716768,9030.742174,16257.168075,2.0054
0.5240,1.543623,6845.528569,6793.112849,12229.146752,1.9965
0.5260,1.384405,9935.804766,9911.431032,17841.960263,1.9906
0.5280,2.116733,20735.024831,12744.368410,22941.979871,1.9965
0.5300,1.355530,20616.095957,18984.315436,34173.123315,1.9979
0.5320,2.087471,20629.584859,19004.558307,34210.292423,2.0110
0.5340,1.331510,20631.343188,19015.108421,34228.526667,2.0197
0.5360,2.062600,20647.054517,19038.222287,34270.862716,2.0359
0.5380,1.929685,20797.668648,12884.196752,23193.483838,2.0410
0.5400,1.582226,10075.804598,10053.473890,18097.835228,2.0310
0.5420,1.123717,9141.313551,9134.548117,16443.310328,2.0331
0.5440,1.584747,29993.435472,13591.560366,24466.393405,2.0552
0.5460,1.702743,10272.081860,9560.842424,17211.219107,2.0697
0.5480,1.360188,25335.306198,11425.571855,20567.389527,2.0691
0.5500,0.912071,9219.324359,9212.476990,16583.370654,2.0768
0.5520,1.979912,27034.667935,19884.680496,35794.404805,2.0999
0.5540,1.282275,23452.174717,21773.909093,39194.318642,2.1189
0.5560,1.962605,18524.352652,16935.497912,30485.858847,2.1365
0.5580,1.519063,22465.160398,14556.995093,26204.110229,2.1387
0.5600,1.155804,9330.429364,9322.815178,16782.223124,2.1349
0.5620,1.087226,7163.149563,7116.135234,12810.130648,2.1343
0.5640,1.777929,18469.895419,9415.264242,16949.253564,2.1452
0.5660,1.083974,18529.661096,16978.035926,30561.548641,2.1521
0.5680,1.776835,18538.216211,16992.310280,30587.935339,2.1706
0.5700,1.082801,18533.576450,16994.253241,30590.738634,2.1850
0.5720,1.777420,18543.946019,17011.097980,30621.753784,2.2069
0.5740,1.691461,18504.251815,9522.106563,17141.483274,2.2179
0.5760,1.283700,4937.602284,4844.819469,8721.958744,2.2174
0.5780,0.277801,11539.203089,7844.814674,14120.944215,2.2183
0.5800,1.336582,27094.633641,25421.611257,45760.236844,2.2491
0.5820,1.741184,11523.729391,7849.859512,14131.488306,2.2755
0.5840,1.328194,28247.173730,10406.552994,18733.123583,2.2865
0.5860,0.921732,2358.963429,2358.177671,4245.641540,2.2915
0.5880,0.959420,7391.087394,7283.242070,13110.795146,2.2997
0.5900,1.574008,20350.027689,13378.569663,24082.999402,2.3195
0.5920,0.966485,20759.257737,19622.122907,35320.787718,2.3353
0.5940,1.591293,20774.730714,19643.280610,35359.496390,2.3628
0.5960,0.974551,20776.335973,19649.811869,35370.635916,2.3861
0.5980,1.608531,20793.479821,19673.165216,35413.305919,2.4174
0.6000,1.561422,20412.189710,13504.048006,24308.847833,2.4373
0.6020,1.114440,10689.164906,10596.182122,19074.242260,2.4420
0.6040,0.768404,9741.582496,9733.053184,17520.264135,2.4495
0.6060,0.823853,27322.446431,11263.744932,20275.564730,2.4759
0.6080,1.293485,10738.609240,10645.275180,19162.788808,2.5076
0.6100,1.194285,28274.025210,11799.744093,21240.733652,2.5281
0.6120,0.829067,10695.741897,10678.657008,19222.411682,2.5474
0.6140,1.501804,23405.498614,16845.128129,30322.732437,2.5785
0.6160,0.850964,20869.771218,19799.658968,35640.237107,2.5914
0.6180,0.441474,12314.045321,7340.129517,13212.674605,2.6034
0.6200,1.501993,24722.487966,18298.338018,32938.510425,2.6270
0.6220,1.413327,19212.303121,17999.663980,32400.808492,2.6468
0.6240,1.484957,20988.270195,19935.128004,35884.715365,2.6750
0.6260,1.465309,19255.034769,11587.949824,20859.774992,2.6920
0.6280,1.056525,5140.449397,5026.868692,9049.420170,2.7078
0.6300,1.666640,21777.803586,14022.069365,25241.391497,2.7355
0.6320,1.030148,18590.990942,17236.662717,31027.023038,2.7452
0.6340,0.854475,10485.426242,4188.675749,7540.470822,2.7631
0.6360,1.557296,25375.193963,18366.985234,33062.130717,2.7878
0.6380,0.823813,27293.646667,25832.783675,46499.834429,2.8045
0.6400,1.269396,23053.568673,21698.805173,39059.118707,2.8333
0.6420,0.809764,18803.806351,17547.110854,31585.609300,2.8580
0.6440,1.299168,18820.355113,17570.400410,31628.019906,2.8912
0.6460,1.264140,18557.976184,10265.397850,18478.980270,2.9129
0.6480,0.830117,5261.839966,5150.701982,9272.093684,2.9195
0.6500,0.610823,3127.902000,3126.733251,5628.730675,2.9379
0.6520,0.878858,28463.363970,11133.727028,20041.587508,2.9799
0.6540,1.341594,3162.711291,3162.127712,5693.171475,3.0181
0.6560,0.898019,28603.656871,11146.528985,20064.650192,3.0410
0.6580,0.849207,6757.899655,6753.291894,12156.774616,3.0580
0.6600,0.466480,11166.791777,11149.558200,20069.671240,3.0780
0.6620,1.293764,21321.009791,14246.334531,25644.695921,3.1100
0.6640,0.494062,21175.207924,19951.862156,35913.845943,3.1382
0.6660,1.391011,22005.888098,20842.313639,37517.555560,3.1783
0.6680,0.585686,22007.534314,20845.957356,37523.308927,3.2146
0.6700,1.413378,21213.796853,20004.508038,36009.527846,3.2498
0.6720,0.839151,24288.910302,17490.174115,31483.152559,3.2698
0.6740,0.758080,10470.688534,10462.513459,18833.282306,3.2836
0.6760,0.388999,11305.615869,11289.105740,20320.779331,3.3042
0.6780,0.781130,27022.740887,11096.426658,19974.349115,3.3443
0.6800,0.980262,11364.536251,11349.270634,20429.667404,3.3812
0.6820,0.798654,29844.118878,14934.140238,26882.251083,3.4026
0.6840,0.195313,10558.203536,10550.896383,18991.808803,3.4182
0.6860,0.533001,11439.265216,11350.743359,20431.871047,3.4369
0.6880,0.927377,19429.755909,12190.071178,21943.055498,3.4679
0.6900,0.520892,18915.672435,17784.197998,32012.077288,3.4949
0.6920,0.937314,19855.812184,18839.003615,33911.143821,3.5343
0.6940,0.696695,22559.365093,21709.050539,39076.987666,3.5699
0.6960,2.020461,19608.000295,18528.329823,33353.014143,3.6048
0.6980,1.371986,29411.984661,24233.597897,43621.848201,3.6243
0.7000,1.329038,7149.449068,7143.562774,12859.742032,3.6377
0.7020,1.110420,5649.934913,5579.519950,10044.246330,3.6577
0.7040,1.254056,24809.874107,4783.837277,8612.161154,3.6940
0.7060,1.713742,14658.601561,12262.152320,22073.587918,3.7373
0.7080,1.183180,27350.129190,26059.194894,46907.733990,3.7585
0.7100,0.917637,12312.577664,8396.353916,15114.354685,3.7739
0.7120,1.018367,5659.004786,5544.977401,9981.977688,3.7921
0.7140,1.061896,18604.027070,10770.252213,19387.515879,3.8229
0.7160,0.941767,18934.944342,17874.200954,32174.503483,3.8499
0.7180,1.076197,18955.500151,17901.056091,32222.977161,3.8857
0.7200,1.098683,18642.069360,10842.009299,19516.715420,3.9100
0.7220,0.705712,5760.381726,5652.248880,10174.753695,3.9367
0.7240,1.046177,27083.206028,9334.736698,16803.572234,3.9664
0.7260,0.597526,24459.224622,9704.189601,17468.138809,3.9837
0.7280,0.955836,10462.502923,10114.980301,18207.920377,3.9995
0.7300,0.766876,23917.943787,17960.249519,32329.216010,4.0280
0.7320,0.888476,21471.567015,20664.912976,37197.731832,4.0526
0.7340,0.824382,21496.599846,20695.084659,37251.976768,4.0900
0.7360,0.837683,21494.004149,20694.746148,37251.380749,4.1233
0.7380,0.889714,21521.251812,20728.386646,37311.985677,4.1565
0.7400,0.860576,23978.117777,18066.260257,32520.129039,4.1739
0.7420,0.273724,11074.024551,11065.726508,19918.581437,4.1854
0.7440,0.692655,11928.405256,11840.663036,21313.886120,4.1999
0.7460,0.853794,19592.712711,12729.572809,22914.084851,4.2270
0.7480,0.643402,19038.293207,18056.348035,32502.069865,4.2503
0.7500,0.913265,19059.903740,18083.884125,32551.904690,4.2862
0.7520,0.613080,19051.175896,18079.227208,32543.222054,4.3043
0.7540,0.468280,11535.147873,5499.629891,9899.802084,4.3211
0.7560,0.737158,22147.275581,15029.572616,27053.967867,4.3506
0.7580,0.376461,18914.810207,17860.553022,32149.371900,4.3765
0.7600,0.799699,18936.250561,17888.511180,32200.119823,4.4113
0.7620,0.612814,18926.605865,11183.905016,20131.641844,4.4347
0.7640,0.449286,6173.100420,6114.814687,11007.115723,4.4425
0.7660,0.356516,4386.796869,4385.169595,7893.661788,4.4526
0.7680,0.414688,26790.090919,8782.413012,15808.758110,4.4693
0.7700,0.737402,18914.854585,11230.227514,20215.146927,4.4827
0.7720,0.393694,18968.819679,17953.388560,32316.493103,4.5055
0.7740,0.171647,18963.081255,11311.904145,20361.599108,4.5170
0.7760,0.499997,6275.194283,6218.436628,11193.685928,4.5272
0.7780,0.425667,22084.428104,15316.940121,27570.917885,4.5502
0.7800,0.396369,19147.413582,18247.461198,32845.826526,4.5696
0.7820,0.545498,19170.598617,18277.207725,32899.519402,4.5986
0.7840,0.682251,19655.195629,12968.449158,23343.890736,4.6157
0.7860,0.029254,12031.737572,11949.047208,21508.314228,4.6175
0.7880,0.596634,11558.146793,11548.949111,20788.705034,4.6213
0.7900,0.160954,28125.813735,13445.365455,24201.818772,4.6461
0.7920,0.615241,12398.617718,12316.812112,22170.877042,4.6779
0.7940,0.300047,29318.015294,14281.764740,25707.476579,4.6984
0.7960,0.440740,12374.055689,12363.152077,22254.114479,4.7033
0.7980,0.520151,11234.835365,11226.945466,20209.021990,4.7070
0.8000,0.499508,24788.191618,18606.927413,33492.968852,4.7234
0.8020,0.377538,21921.479168,21020.422319,37837.137713,4.7367
0.8040,0.579822,21944.917735,21050.045694,37890.662072,4.7590
0.8060,0.338502,22160.185344,15930.050586,28674.429557,4.7700
0.8080,0.368933,12493.264269,12482.706296,22469.240265,4.7655
0.8100,0.517469,8365.765103,8360.817661,15049.989258,4.7650
0.8120,0.395037,27401.179667,10125.818916,18226.869086,4.7828
0.8140,0.920237,14546.676963,11725.060153,21106.028512,4.8175
0.8160,0.397333,23421.228250,22500.873315,40501.969300,4.8343
0.8180,0.200960,12021.780367,6115.364020,11007.856196,4.8357
0.8200,0.647514,5073.359582,5070.964088,9128.382873,4.8356
0.8220,0.216600,22226.650636,15735.285376,28323.730277,4.8486
0.8240,0.505716,19314.320044,18529.958243,33354.430554,4.8582
0.8260,0.362359,19337.263022,18559.022222,33406.602358,4.8772
0.8280,0.338791,18947.381572,11947.461972,21505.770341,4.8846
0.8300,0.164444,6701.127800,6608.760355,11895.933083,4.8765
0.8320,0.602096,5226.955346,5224.617129,9404.912928,4.8762
0.8340,0.560057,25857.213419,19816.536653,35670.326033,4.8905
0.8360,0.257583,24559.632343,23661.180051,42590.381676,4.9002
0.8380,0.596585,20452.067246,19672.516034,35411.125445,4.9227
0.8400,0.181145,19377.283476,18630.870571,33535.748174,4.9416
0.8420,0.714871,19400.209139,18659.442778,33587.711872,4.9696
0.8440,0.601501,19047.450535,12171.255202,21908.860864,4.9857
0.8460,0.178039,6807.966985,6719.573082,12095.409587,4.9862
0.8480,0.463979,8792.469401,8786.784729,15816.676490,4.9850
0.8500,0.525378,24555.812795,19245.362211,34642.177357,4.9968
0.8520,0.391113,22203.493438,21651.297765,38972.727090,5.0049
0.8540,0.648586,22227.484316,21679.645261,39024.010057,5.0259
0.8560,0.353324,22226.842466,21682.381638,39028.640272,5.0292
0.8580,0.490196,16816.028561,12893.608590,23208.985658,5.0312
0.8600,0.466041,25335.571106,19536.182824,35165.595124,5.0425
0.8620,0.311495,22475.720163,16587.213338,29857.295503,5.0423
0.8640,0.342189,13012.780356,13003.453534,23406.558551,5.0262
0.8660,0.673622,12339.885995,12331.437963,22197.261957,5.0090
0.8680,0.305822,25378.520149,19626.468394,35327.948932,5.0046
0.8700,0.530824,22300.226695,21559.031755,38806.787984,4.9972
0.8720,0.415736,22318.245652,21581.933784,38847.896548,5.0024
0.8740,0.406961,22320.035049,21587.237604,38857.434649,5.0046
0.8760,0.537447,22340.337779,21612.325957,38902.724170,5.0162
0.8780,0.359223,20742.869631,14393.222705,25908.160092,5.0160
0.8800,0.221558,7208.612725,7164.205344,12895.791176,5.0048
0.8820,0.355561,6196.243570,6186.896096,11136.768534,4.9941
0.8840,0.474697,20909.530337,14341.238990,25814.704879,4.9962
0.8860,0.223456,19359.719330,18629.231070,33532.839381,4.9950
0.8880,0.599414,19376.382533,18650.583249,33571.649262,5.0065
0.8900,0.110165,19373.060884,18651.826404,33573.397693,5.0006
0.8920,0.543575,11948.509681,6091.804825,10965.792260,4.9948
0.8940,0.367583,23153.264645,17170.289092,30906.887948,4.9996
0.8960,0.259451,19791.820457,13392.821313,24107.337813,4.9925
0.8980,0.258307,7309.807073,7225.219568,13005.653530,4.9837
0.9000,0.583384,22670.631819,16420.816504,29558.053092,4.9876
0.9020,0.165546,19415.960150,18722.016620,33699.795463,4.9742
0.9040,0.535457,12029.617061,6192.680688,11147.360695,4.9684
0.9060,0.635089,26084.334223,20409.018442,36736.868286,4.9762
0.9080,0.476750,22528.905605,16548.095386,29787.048444,4.9720
0.9100,0.202599,7406.887083,7323.565777,13182.620997,4.9659
0.9120,0.796313,22709.247815,16522.243957,29740.835435,4.9725
0.9140,0.228811,19453.511005,18782.637819,33808.976885,4.9616
0.9160,0.334973,12100.539519,6280.393764,11305.043749,4.9489
0.9180,0.518773,22534.813932,16604.770098,29889.104950,4.9490
0.9200,0.202849,19672.053334,19100.664974,34381.399802,4.9458
0.9220,0.637941,19687.564783,19120.386880,34417.334325,4.9522
0.9240,0.546536,20388.238532,14720.047099,26496.631314,4.9464
0.9260,0.253477,13568.262000,13493.966646,24289.393440,4.9250
0.9280,0.516925,12864.049148,12855.163756,23139.811685,4.9109
0.9300,0.738679,28186.466178,23327.268917,41989.822731,4.9046
0.9320,0.408937,29914.193927,29260.173590,52668.721399,4.9000
0.9340,0.857071,29926.571230,29276.150705,52697.928340,4.9029
0.9360,0.324125,29924.418856,29276.796755,52698.558284,4.8935
0.9380,0.425688,19336.176243,17048.295172,30687.356998,4.8866
0.9400,0.542721,22808.572503,17337.973040,31208.894193,4.8889
0.9420,0.471647,22836.102243,17372.802596,31271.516321,4.8795
0.9440,0.226475,13609.878139,13601.688188,24483.265213,4.8680
0.9460,0.757525,24987.944871,20129.899738,36234.577053,4.8693
0.9480,0.202023,22688.916991,22294.227138,40129.810871,4.8671
0.9500,0.812081,21625.226720,21193.954824,38149.930764,4.8743
0.9520,0.637718,19702.299055,13769.554340,24785.835530,4.8692
0.9540,0.260549,7724.222565,7644.986580,13761.236393,4.8482
0.9560,0.311872,6503.253044,6501.093506,11702.280184,4.8254
0.9580,0.547430,22637.391638,16894.085394,30409.901140,4.8153
0.9600,0.181731,19790.055871,19282.644074,34708.941065,4.8111
0.9620,0.980150,23801.045887,23182.782939,41729.989440,4.8143
0.9640,0.087000,27875.690473,27149.125543,48868.512978,4.7958
0.9660,0.562545,13719.438182,9570.132296,17226.800677,4.7852
0.9680,0.694618,27536.384419,22075.664660,39736.891006,4.7879
0.9700,0.537575,25823.142790,20526.592790,36948.404598,4.7786
0.9720,0.256569,13768.057270,13760.122593,24768.477237,4.7672
0.9740,0.835335,25079.388011,20320.163547,36577.129720,4.7685
0.9760,0.279458,22790.566480,22427.108700,40369.075118,4.7661
0.9780,0.935794,22802.507630,22441.516145,40395.664854,4.7731
0.9800,0.759535,22180.458519,17412.406125,31343.090560,4.7677
0.9820,0.722828,18195.455804,18148.368206,32667.785599,4.7463
0.9840,1.577148,263.613367,95.816906,174.047578,4.7232
0.9860,1.358510,26099.898233,21294.754850,38331.917240,4.7127
0.9880,1.449855,19618.357396,19071.438256,34330.038716,4.7082
0.9900,1.338918,24802.666374,24141.304876,43455.687695,4.7108
0.9920,1.353174,30071.249515,29295.816960,52733.823702,4.7058
0.9940,0.832167,20643.901550,20369.395261,36665.743637,4.7081
0.9960,1.674539,17107.092767,14710.315908,26480.243174,4.7195
0.9980,1.144591,22306.033459,17592.491557,31667.629392,4.7186
1.0000,1.246189,13217.188156,13148.637138,23668.793037,4.7014
1.0020,0.633182,12503.410820,12496.646664,22494.597176,4.6824
1.0040,1.339871,25235.141673,20560.911675,37010.980885,4.6758
1.0060,0.554324,22950.127415,22610.026611,40698.602224,4.6659
1.0080,1.347868,22957.346422,22619.177990,40715.868250,4.6682
1.0100,0.504776,22960.266343,22624.046680,40723.788800,4.6556
1.0120,0.771726,14337.136459,11743.308541,21138.727099,4.6534
1.0140,1.115872,22629.240451,18260.101405,32869.298401,4.6675
1.0160,1.026366,24860.157209,24226.293433,43608.354546,4.6639
1.0180,0.447881,16743.123318,13236.989744,23827.029420,4.6583
1.0200,0.946123,23860.290657,18762.702118,33773.809935,4.6621
1.0220,0.623650,19512.781445,13639.888777,24552.423447,4.6537
1.0240,0.687496,8129.114525,8057.801203,14504.729661,4.6432
1.0260,0.872971,22943.079804,17222.334538,31001.075139,4.6451
1.0280,0.654074,19691.617296,19186.100736,34535.635399,4.6435
1.0300,0.954931,19698.678877,19195.520736,34552.892257,4.6511
1.0320,0.956688,19686.239885,13627.143101,24529.814270,4.6464
1.0340,0.407897,8225.088377,8186.611763,14736.309071,4.6255
1.0360,0.690369,7043.622208,7042.328153,12676.881045,4.6151
1.0380,0.472796,30120.489217,15419.215449,27755.060604,4.6281
1.0400,1.360077,9683.746727,8044.755834,14481.920577,4.6425
1.0420,0.763429,27417.049651,18373.851428,33073.695999,4.6404
1.0440,0.619584,7084.348032,7083.082048,12750.167271,4.6314
1.0460,0.299527,8222.698844,8150.469443,14671.144524,4.6243
1.0480,1.026045,19540.982839,13747.398261,24746.342914,4.6296
1.0500,0.305105,20028.794676,19609.011489,35296.525785,4.6312
1.0520,1.095663,20034.109379,19615.970556,35309.842663,4.6451
1.0540,0.344092,20034.066401,19616.258761,35309.609862,4.6554
1.0560,1.165451,20041.862332,19626.068882,35328.089439,4.6748
1.0580,0.882147,19573.764367,13805.003865,24849.889104,4.6816
1.0600,0.629886,8282.972817,8213.161809,14784.321142,4.6721
1.0620,0.278794,7161.399672,7159.885178,12888.072115,4.6607
1.0640,0.843424,22884.443110,17457.029228,31423.496034,4.6616
1.0660,0.209810,20053.609682,19644.205721,35359.780108,4.6592
1.0680,0.923324,20058.967270,19651.416350,35373.472754,4.6660
1.0700,0.629466,19590.499391,13854.835723,24939.333767,4.6603
1.0720,0.517281,8324.249627,8254.885398,14859.310997,4.6387
1.0740,0.443501,7207.811427,7206.360810,12971.892959,4.6273
1.0760,0.543188,29806.698257,15341.093500,27614.511488,4.6412
1.0780,0.860119,9169.399800,9166.730252,16500.974572,4.6537
1.0800,0.664273,32119.637224,18748.770302,33748.450817,4.6500
1.0820,0.141351,13655.406736,13647.647711,24565.907230,4.6534
1.0840,1.040739,27392.818209,22556.942283,40603.536848,4.6699
1.0860,0.798377,22930.609935,17546.097284,31583.773489,4.6740
1.0880,0.446481,8382.581900,8313.613651,14964.951052,4.6618
1.0900,0.209359,7270.388824,7268.885459,13084.203184,4.6489
1.0920,0.513509,24281.650326,14984.999997,26973.513503,4.6461
1.0940,0.289993,19007.475424,17092.922681,30767.550819,4.6401
1.0960,0.618653,20090.773341,19699.861018,35460.368486,4.6434
1.0980,0.349555,19623.372740,13952.824764,25115.434131,4.6345
1.1000,0.380406,8415.133842,8346.259236,15023.647031,4.6236
1.1020,0.658157,23042.437641,17481.721233,31467.756376,4.6249
1.1040,0.339979,19796.551798,19342.905757,34817.570342,4.6229
1.1060,0.774868,19800.685323,19348.585905,34828.229497,4.6330
1.1080,0.340424,19800.677110,19349.675805,34829.756873,4.6257
1.1100,0.394196,12905.970018,7284.927686,13113.264031,4.6165
1.1120,0.546304,22937.658602,17602.872774,31685.717297,4.6167
1.1140,0.256579,19642.704715,14009.045458,25216.538403,4.6046
1.1160,0.433941,8466.220206,8397.702484,15116.298413,4.5999
1.1180,0.896202,26595.090772,21301.536354,38343.661638,4.6112
1.1200,0.405886,23794.130103,23237.422713,41827.766770,4.6191
1.1220,0.993220,19818.419118,19374.895404,34875.804948,4.6297
1.1240,0.338123,23782.144170,23228.415400,41811.485844,4.6281
1.1260,0.185311,15246.105328,12456.625170,22422.110617,4.6285
1.1280,0.719288,19640.480263,14026.759666,25248.886687,4.6382
1.1300,0.448010,19659.721609,14051.313025,25292.811455,4.6355
1.1320,0.374542,8512.115885,8444.141836,15199.829848,4.6307
1.1340,0.746098,23075.818430,17565.179934,31618.069980,4.6381
1.1360,0.361474,19830.710167,19392.331697,34906.558528,4.6421
1.1380,0.855316,19834.623357,19397.790679,34916.878537,4.6558
1.1400,0.668283,19228.413890,15090.347120,27163.293099,4.6559
1.1420,0.087016,8396.724637,7881.588340,14186.946027,4.6432
1.1440,0.403115,8985.609912,8351.921531,15033.861871,4.6352
1.1460,0.265317,24928.379709,12546.006854,22583.077656,4.6316
1.1480,0.377712,28645.379868,15302.893157,27545.585394,4.6157
1.1500,0.480949,11421.245725,11403.711393,20527.161455,4.6073
1.1520,0.776647,26527.547536,21463.846829,38635.700939,4.6150
1.1540,0.190709,25221.842299,24797.566229,44635.809920,4.6194
1.1560,0.877182,23259.102744,22993.292771,41388.804171,4.6330
1.1580,0.622610,22642.345171,18246.265882,32843.901197,4.6341
1.1600,0.420722,14526.889588,14460.765439,26029.798512,4.6330
1.1620,0.895410,26111.776709,21200.194606,38161.245701,4.6439
1.1640,0.447735,23054.181276,22627.708406,40730.322865,4.6513
1.1660,0.994299,23057.548607,22632.424336,40739.358104,4.6707
1.1680,0.491102,23057.848050,22632.643939,40739.250193,4.6726
1.1700,0.258445,17167.577907,13676.978130,24618.819079,4.6723
1.1720,0.731122,25545.932624,21150.878559,38072.312528,4.6814
1.1740,0.438842,22662.733623,18281.666618,32907.438755,4.6780
1.1760,0.450211,14557.339208,14491.390605,26084.953300,4.6726
1.1780,0.724878,26128.351359,21231.040715,38216.598164,4.6793
1.1800,0.356425,22497.324690,22074.675455,39734.772243,4.6686
1.1820,0.492984,16463.974111,12738.601404,22929.975511,4.6560
1.1840,0.526353,25558.154761,21176.636066,38118.471272,4.6558
1.1860,0.364527,23291.388821,23032.124233,41458.188146,4.6523
1.1880,0.630887,23295.242249,23037.277430,41467.730260,4.6582
1.1900,0.372220,22679.938131,18317.880202,32972.556584,4.6517
1.1920,0.438416,14584.325942,14518.395320,26133.549993,4.6432
1.1940,0.651066,26142.315854,21262.068778,38272.374867,4.6469
1.1960,0.399510,23085.527788,22670.528763,40807.351283,4.6332
1.1980,0.552681,17213.938830,13723.036562,24702.018493,4.6269
1.2000,0.744238,28784.036552,24427.063206,43969.458008,4.6367
1.2020,0.178252,26744.778601,26383.967077,47491.318990,4.6432
1.2040,0.843877,23312.425384,23058.404355,41505.971715,4.6507
1.2060,0.294139,25260.526947,20900.699678,37621.553559,4.6422
1.2080,0.299457,10788.555073,10781.240824,19406.532939,4.6410
1.2100,0.900200,26667.427105,21466.080971,38639.845948,4.6557
1.2120,0.468220,24998.610576,24469.879242,44046.250855,4.6530
1.2140,0.321870,17113.568899,13589.470514,24461.368796,4.6482
1.2160,0.552829,24130.287081,19338.593696,34810.021481,4.6557
1.2180,0.206746,20200.910449,19853.619250,35736.721396,4.6598
1.2200,0.676264,20204.851647,19858.836441,35746.581859,4.6733
1.2220,0.471152,19731.613683,14245.663991,25642.666336,4.6742
1.2240,0.225690,8702.100375,8635.229600,15543.638971,4.6589
1.2260,0.537609,7626.967700,7625.382363,13726.225862,4.6417
1.2280,0.380880,23024.698363,17825.500532,32086.281837,4.6370
1.2300,0.386404,20208.872210,19865.507443,35758.299801,4.6290
1.2320,0.501143,20209.495852,19867.090499,35761.264041,4.6334
1.2340,0.249860,20210.472027,19867.835546,35762.353842,4.6345
1.2360,0.622922,20213.750372,19872.408375,35770.957996,4.6449
1.2380,0.391057,19740.354975,14274.548159,25694.577743,4.6428
1.2400,0.291413,8727.924032,8661.028471,15590.142661,4.6246
1.2420,0.600684,7655.851703,7654.239299,13778.231424,4.6137
1.2440,0.622413,26579.126326,21597.424209,38875.985989,4.6191
1.2460,0.133755,24124.014443,23676.288407,42617.452887,4.6211
1.2480,0.733800,20218.442260,19879.862013,35784.485424,4.6261
1.2500,0.335846,24110.018624,23663.051536,42593.828611,4.6330
1.2520,0.853755,28102.076665,27548.977509,49589.013273,4.6439
1.2540,0.284751,26600.169241,21626.986169,38928.859855,4.6384
1.2560,0.368792,7683.740800,7682.326959,13828.557319,4.6260
1.2580,0.369254,8752.663005,8684.490811,15632.452713,4.6156
1.2600,0.548053,19733.636789,14286.074458,25715.482077,4.6175
1.2620,0.228974,20226.342953,19889.996585,35802.222827,4.6162
1.2640,0.658156,20227.095088,19891.778165,35805.858853,4.6270
1.2660,0.291026,21619.115391,21331.139388,38396.341924,4.6345
1.2680,0.771048,23368.143910,23125.847466,41627.296488,4.6512
1.2700,0.511156,21068.493900,16209.528260,29177.662023,4.6552
1.2720,0.331782,8770.013175,8702.974801,15665.686424,4.6432
1.2740,0.535321,10870.332733,10865.720808,19558.832776,4.6291
1.2760,0.488875,25631.999859,21323.906211,38383.520056,4.6274
1.2780,0.405009,23371.908725,23131.099349,41636.383838,4.6226
1.2800,0.595495,23373.441317,23133.688888,41641.235493,4.6271
1.2820,0.357116,22754.249377,18469.646562,33245.720927,4.6191
1.2840,0.436753,14709.748322,14643.462838,26358.669861,4.5951
1.2860,0.710999,14048.697189,14040.718569,25274.004423,4.5786
1.2880,0.490185,27558.499491,22922.282425,41260.598551,4.5783
1.2900,0.271842,24136.668276,23699.019260,42658.506510,4.5747
1.2920,0.618811,20234.957842,19905.473134,35830.470452,4.5763
1.2940,0.370146,23180.083389,22768.923433,40984.432325,4.5716
1.2960,0.550650,23637.453921,23246.692405,41844.596980,4.5763
1.2980,0.299433,20240.023371,15058.595455,27105.771252,4.5685
1.3000,0.352297,8792.764053,8725.112069,15705.554021,4.5539
1.3020,0.361029,8795.973090,8727.260671,15709.430236,4.5413
1.3040,0.547930,19742.931230,14330.234864,25794.970686,4.5409
1.3060,0.222617,20237.871036,19909.658864,35837.608572,4.5373
1.3080,0.659280,20236.084199,19908.798101,35836.495861,4.5430
1.3100,0.476733,21072.284014,16241.665992,29235.475519,4.5362
1.3120,0.346319,14721.038640,14654.096454,26377.719936,4.5132
1.3140,0.636455,14055.848078,14047.713336,25286.520460,4.4885
1.3160,0.422887,25634.683483,21347.794408,38426.452822,4.4761
1.3180,0.492491,23375.146098,23139.815745,41652.160832,4.4606
1.3200,0.519861,23371.088779,23136.484880,41646.192645,4.4545
1.3220,0.286775,22750.994889,18487.173459,33277.199001,4.4361
1.3240,0.484214,14710.328511,14643.019147,26357.918678,4.4109
1.3260,0.485996,14709.926062,14641.940757,26355.979359,4.3879
1.3280,0.448819,18948.452602,13314.873080,23967.220363,4.3770
1.3300,1.199670,21267.507581,20930.050814,37675.291134,4.3631
1.3320,1.487923,20164.093807,19787.752930,35619.443198,4.3584
1.3340,1.071426,19908.726498,14233.318238,25621.044253,4.3413
1.3360,0.260180,11337.781460,11294.680940,20330.685872,4.3223
1.3380,0.720978,30686.350033,26739.932276,48132.599075,4.3152
1.3400,0.202654,23127.432121,22732.461658,40918.633639,4.2909
1.3420,0.655080,17303.916657,13820.440298,24877.447617,4.2736
1.3440,0.624798,28664.179525,24373.951135,43873.736841,4.2601
1.3460,0.329226,28674.522567,24386.658022,43896.313665,4.2314
1.3480,0.470076,14016.257255,14011.752512,25221.624598,4.2107
1.3500,0.805470,28961.365020,24170.063968,43506.920611,4.2029
1.3520,0.630015,26174.664262,21354.049261,38437.918684,4.1829
1.3540,0.261330,14556.670310,14549.327631,26189.051066,4.1529
1.3560,0.140676,14336.883576,12947.852063,23306.274389,4.1260
1.3580,0.593923,12992.118675,12164.755146,21897.153185,4.0962
1.3600,0.291660,20172.773145,19840.875040,35713.866732,4.0758
1.3620,0.231315,19702.965417,14262.727527,25673.140863,4.0572
1.3640,0.903357,19694.759172,14246.233171,25644.123065,4.0476
1.3660,0.713799,19699.909025,14253.222283,25656.513909,4.0254
1.3680,0.234421,8672.412183,8604.805429,15488.884194,3.9871
1.3700,0.350047,7582.133761,7580.694923,13645.600909,3.9562
1.3720,0.835882,26535.909177,21558.334588,38805.838140,3.9389
1.3740,0.144318,25005.062679,24533.573349,44160.576347,3.9174
1.3760,0.863754,21054.353925,20688.801273,37240.706045,3.9048
1.3780,0.652979,19669.564883,14192.491303,25547.137324,3.8798
1.3800,0.252326,8605.654245,8537.869569,15368.417549,3.8501
1.3820,0.683395,19283.712356,15010.573367,27019.715456,3.8292
1.3840,0.213258,16708.600413,16661.311738,29990.574387,3.8051
1.3860,0.796061,19802.464004,19393.478316,34909.057030,3.7898
1.3880,0.647000,19772.545832,14037.922208,25268.906973,3.7622
1.3900,0.101439,8544.022425,8507.513146,15313.625103,3.7277
1.3920,0.273016,8549.067249,8512.776833,15323.271315,3.6954
1.3940,0.721745,19746.581346,13988.872051,25180.691437,3.6719
1.3960,0.605510,19744.847082,13990.031328,25182.661900,3.6361
1.3980,0.025353,8486.929657,8449.668727,15209.429061,3.5985
1.4000,0.874469,22912.721989,17660.043823,31788.953351,3.5727
1.4020,0.299937,21433.479240,21125.516944,38026.230437,3.5499
1.4040,1.191018,25527.952606,25192.221511,45347.189739,3.5387
1.4060,0.976415,24524.551549,20118.142552,36213.633008,3.5147
1.4080,0.539522,14359.649037,14293.172443,25728.249920,3.4747
1.4100,0.220494,13667.621344,13660.568829,24589.244386,3.4328
1.4120,0.804835,25394.663094,20970.820841,37748.282349,3.4027
1.4140,0.212293,23096.443245,22826.854510,41088.550411,3.3785
1.4160,1.210666,26520.797970,26142.724120,47058.114081,3.3668
1.4180,0.972379,25372.153801,20931.420573,37677.529411,3.3426
1.4200,0.498837,12586.025744,12519.499825,22535.598522,3.3163
1.4220,1.207591,23487.178495,18071.601711,32530.090671,3.3013
1.4240,0.560869,19678.015013,19237.237827,34627.588958,3.2687
1.4260,0.038943,12798.600684,7069.038301,12724.307884,3.2343
1.4280,0.840738,22811.175056,17451.334680,31413.243161,3.2087
1.4300,0.612575,19487.917035,13803.245386,24846.454269,3.1717
1.4320,0.320708,7963.702365,7905.832419,14230.819062,3.1428
1.4340,1.287491,27191.758112,22021.388037,39639.785958,3.1261
1.4360,1.105318,25826.692723,20825.300160,37486.645607,3.0969
1.4380,0.583875,14005.598058,13996.515770,25194.312260,3.0656
1.4400,1.352494,25247.290719,20718.591910,37294.817932,3.0456
1.4420,0.644004,22930.772801,22633.652018,40741.217637,3.0078
1.4440,0.356045,17835.059414,13884.554701,24992.554506,2.9776
1.4460,1.235576,28979.154186,23989.759975,43182.803531,2.9596
1.4480,1.086708,25745.787341,20693.759497,37249.853802,2.9291
1.4500,0.536179,13880.516885,13871.168037,24968.638645,2.8968
1.4520,1.287694,23751.912927,18705.566954,33671.308211,2.8755
1.4540,0.599107,19828.735032,19404.724833,34929.103806,2.8507
1.4560,1.351125,19796.204468,19369.112527,34865.753673,2.8342
1.4580,1.151237,19357.927145,13496.402006,24294.674848,2.8050
1.4600,0.650895,7887.369315,7816.093068,14069.618419,2.7599
1.4620,0.161995,6658.276833,6657.417558,11983.513599,2.7223
1.4640,1.263213,26230.559771,20943.217262,37699.054284,2.6997
1.4660,0.555178,23756.163555,23200.975924,41762.311842,2.6735
1.4680,1.328337,19725.553480,19277.303288,34700.474256,2.6555
1.4700,1.122135,19295.309631,13346.437701,24024.709997,2.6250
1.4720,0.649370,7737.068623,7664.586100,13796.904350,2.5926
1.4740,1.372008,22683.908266,16904.136440,30428.817600,2.5712
1.4760,0.703003,19420.955031,18899.868679,34020.466625,2.5332
1.4780,0.287533,11642.693572,7039.695069,12671.738658,2.5041
1.4800,1.410761,24365.226267,19509.695374,35118.862434,2.4869
1.4820,1.198528,22565.395883,16913.102288,30444.782646,2.4572
1.4840,0.738079,7581.925334,7508.368729,13515.801790,2.4257
1.4860,1.446428,22617.040549,16763.183720,30175.177125,2.4050
1.4880,0.784293,19354.105974,18807.315961,33853.953023,2.3807
1.4900,1.494912,19317.224651,18766.550689,33781.286151,2.3642
1.4920,1.334076,19266.931971,12956.818595,23323.607547,2.3353
1.4940,0.793999,7462.979821,7414.666191,13347.193142,2.2904
1.4960,0.423468,6129.724379,6128.730188,11032.137806,2.2532
1.4980,1.426996,27201.241400,21741.295633,39135.759136,2.2307
1.5000,0.764471,25905.577949,25219.127348,45395.193697,2.2045
1.5020,1.477926,22221.732578,21653.579615,38977.921233,2.1891
1.5040,0.809650,22228.510069,21654.719334,38979.304451,2.1700
1.5060,1.522387,22189.260127,21611.877651,38902.902159,2.1586
1.5080,1.359342,22355.854486,16882.905821,30390.589819,2.1348
1.5100,0.837339,13136.731034,13125.392363,23626.543592,2.0951
1.5120,0.478501,12465.479087,12458.580822,22425.923981,2.0631
1.5140,1.441762,28492.173280,23163.411110,41695.581761,2.0364
1.5160,0.523115,29597.714645,28752.444773,51754.923707,2.0116
1.5180,1.503492,29559.342113,28709.066235,51677.822715,2.0013
1.5200,0.855172,25761.052712,25026.297968,45048.191515,1.9732
1.5220,0.349604,15850.032611,12199.625456,21959.675424,1.9436
1.5240,1.095964,23767.082201,18444.417729,33201.047877,1.9219
1.5260,0.918323,19374.097151,13184.268030,23732.600777,1.8881
1.5280,0.491581,6973.066164,6894.694387,12410.941478,1.8527
1.5300,1.198431,22362.963952,16202.023971,29164.841579,1.8282
1.5320,0.551667,19104.642227,18451.096415,33212.525214,1.8001
1.5340,1.263151,19065.940742,18407.627079,33134.991893,1.7813
1.5360,0.842819,18149.997047,15570.975635,28028.598963,1.7475
1.5380,0.340299,7987.025973,5224.596463,9404.613933,1.7214
1.5400,1.454894,25866.914930,20108.366742,36196.515030,1.7097
1.5420,0.780735,24366.641663,23692.043681,42646.459360,1.6944
1.5440,1.496996,22059.057718,21575.193432,38836.845174,1.6866
1.5460,1.327915,21376.569889,16080.082568,28945.476537,1.6665
1.5480,0.870869,12484.213200,12412.134099,22342.712248,1.6308
1.5500,0.398023,11907.385076,11901.314080,21422.763368,1.5936
1.5520,1.158419,24408.437053,19195.397001,34552.873020,1.5672
1.5540,0.465800,21992.569974,21483.191561,38670.210610,1.5373
1.5560,1.224187,21949.024265,21435.471822,38585.073467,1.5181
1.5580,0.527211,21955.460194,21435.524736,38584.471737,1.4952
1.5600,1.282347,21914.492147,21390.517646,38504.214111,1.4831
1.5620,0.581922,21920.247071,21390.557300,38503.585061,1.4532
1.5640,0.323248,16364.081687,12346.244837,22223.563955,1.4313
1.5660,1.207595,28080.032026,22425.498595,40367.105066,1.4208
1.5680,1.056084,23260.691721,17091.441903,30765.651510,1.3984
1.5700,0.594781,6441.302173,6377.842367,11480.711041,1.3746
1.5720,1.332891,22114.521627,15747.919073,28347.587222,1.3614
1.5740,0.642864,19134.904984,18404.362746,33128.495808,1.3444
1.5760,1.378818,19097.313790,18360.952084,33051.092570,1.3381
1.5780,0.684469,19113.321291,18369.695703,33066.136735,1.3138
1.5800,0.248678,11841.648262,5749.346223,10349.071880,1.2884
1.5820,0.984441,22079.471946,15511.126608,27921.012335,1.2737
1.5840,0.319923,18836.308223,18027.078073,32449.060456,1.2555
1.5860,1.054568,18801.684527,17987.209116,32378.030977,1.2479
1.5880,0.384084,18818.107675,17995.554379,32392.381968,1.2368
1.5900,1.116108,18785.745805,17958.432439,32326.294499,1.2332
1.5920,0.992005,18716.178074,11466.942002,20641.487609,1.2177
1.5940,0.523931,6156.575381,6087.752155,10958.477810,1.1869
1.5960,0.180336,4399.436499,4399.052873,7918.475507,1.1674
1.5980,0.620722,28976.960829,12774.691860,22995.066069,1.1655
1.6000,0.958767,4919.707061,4884.349356,8792.787607,1.1667
1.6020,0.826060,25348.499898,6808.743870,12256.565027,1.1561
1.6040,0.408340,5998.165570,5909.972830,10638.359433,1.1302
1.6060,0.052140,4233.599368,4233.346097,7620.075114,1.1034
1.6080,0.732860,21963.645543,15295.712599,27533.015538,1.0875
1.6100,0.041678,18961.754147,18110.662609,32599.234375,1.0681
1.6120,0.816266,18928.835571,18072.206760,32530.788434,1.0595
1.6140,0.123606,18944.542525,18079.163511,32542.617926,1.0474
1.6160,0.890636,18913.997447,18043.269412,32478.775576,1.0461
1.6180,0.196726,18928.510757,18049.994393,32490.186633,1.0272
1.6200,0.273206,11460.722652,5284.248613,9511.920710,1.0074
1.6220,0.541645,21899.159876,15025.697198,27046.796602,0.9986
1.6240,0.197594,18672.238935,17736.129995,31925.231585,0.9864
1.6260,0.636091,18644.171914,17703.816430,31867.505666,0.9818
1.6280,0.568772,18571.581519,10987.066676,19777.288789,0.9659
1.6300,0.265472,8477.269835,8440.610515,15193.364400,0.9523
1.6320,1.154730,26571.290610,9392.103213,16906.940514,0.9433
1.6340,1.004846,22229.247637,16393.066128,29508.523876,0.9406
1.6360,1.263727,22854.031577,21774.439099,39195.254106,0.9398
1.6380,0.621296,26326.299686,19957.303814,35923.768161,0.9241
1.6400,0.940158,10634.974866,10628.593140,19132.407811,0.9165
1.6420,1.068901,27047.647432,21338.560718,38410.478194,0.9147
1.6440,0.873340,28914.060901,27898.577464,50218.312776,0.9051
1.6460,0.807281,24976.532431,24083.664831,43351.403976,0.9068
1.6480,0.817386,21207.038285,20438.620749,36790.334734,0.8904
1.6500,0.505412,15321.395125,11274.787299,20295.122550,0.8831
1.6520,1.036082,27513.988479,21309.847281,38358.761188,0.8899
1.6540,0.306504,24935.437107,23802.960955,42845.636224,0.8938
1.6560,1.056414,21064.634013,20055.630358,36101.191058,0.8986
1.6580,0.332649,24905.023633,23763.055437,42773.832435,0.8824
1.6600,0.879370,15105.802379,12398.765979,22318.658133,0.8746
1.6620,0.548405,26825.835406,20943.652237,37699.122433,0.8821
1.6640,0.653669,24770.389183,23811.094842,42860.624385,0.8857
1.6660,0.616684,21086.345213,20266.545073,36480.397815,0.8913
1.6680,0.723793,24876.704101,23916.152779,43049.798795,0.8893
1.6700,0.376257,24866.579619,23902.728693,43025.287904,0.8953
1.6720,0.601496,20590.306157,14303.011134,25746.021538,0.8898
1.6740,0.156163,11191.420116,11111.160043,20000.244240,0.8824
1.6760,0.913255,15079.154244,11053.401985,19897.036827,0.8723
1.6780,0.340386,19565.725926,18595.870841,33472.907900,0.8758
1.6800,0.634027,15509.643878,15137.737924,27248.562290,0.8785
1.6820,0.445927,15482.264679,15108.380674,27195.531140,0.8921
1.6840,0.542356,18672.354702,17574.036568,31633.808178,0.9021
1.6860,0.452921,18903.217082,17837.370468,32107.719763,0.9102
1.6880,0.271131,21861.079941,14736.831679,26526.568153,0.9035
1.6900,0.394984,3083.141367,3083.094917,5549.965835,0.8947
1.6920,1.029766,10922.530080,4655.247902,8380.475990,0.8830
1.6940,0.245528,18634.957611,17508.957124,31516.368351,0.8969
1.6960,0.416000,11315.167454,5476.874526,9858.790147,0.9159
1.6980,0.265207,26433.589461,8029.693661,14453.713798,0.9237
1.7000,0.323772,5249.359802,5156.459717,9281.951263,0.9309
1.7020,0.562622,21675.509365,14308.774765,25756.357199,0.9398
1.7040,0.508700,22867.447951,21611.658543,38901.494078,0.9273
1.7060,0.817161,11992.926898,8124.602461,14625.101590,0.9237
1.7080,0.348457,25252.384940,18360.096694,33048.522507,0.9353
1.7100,0.370095,22748.201351,21457.627314,38624.099260,0.9437
1.7120,0.383151,18195.322891,16688.527463,30039.732585,0.9535
1.7140,0.654271,22428.737000,20846.892202,37525.060235,0.9425
1.7160,1.099175,12856.319519,9546.963819,17185.634050,0.9402
1.7180,0.104187,26717.494301,20572.858487,37031.249464,0.9534
1.7200,0.666340,24537.029182,23421.879152,42160.048814,0.9630
1.7220,0.212973,20648.097810,19662.195587,35392.165030,0.9748
1.7240,0.856471,24683.466259,23575.569366,42436.881329,0.9650
1.7260,1.120289,15571.375859,12663.050433,22794.611069,0.9647
1.7280,0.327618,27192.449386,20621.709972,37119.405568,0.9793
1.7300,0.649664,24674.721328,23342.454576,42017.067901,0.9911
1.7320,0.332444,20765.099018,19555.333681,35199.933069,1.0045
1.7340,0.874425,24652.476856,23314.653282,41967.250332,0.9970
1.7360,1.246019,14688.187139,12050.476144,21692.103078,0.9989
1.7380,0.189679,25698.086811,19015.736625,34228.515604,1.0070
1.7400,1.101517,27105.685713,25654.577923,46179.341778,1.0075
1.7420,0.330964,23483.270241,22224.661426,40004.721531,1.0163
1.7440,0.399480,20347.968726,13611.338704,24500.809148,1.0148
1.7460,0.690333,7583.576244,7494.024214,13489.933918,1.0062
1.7480,0.777850,4364.708387,4286.631494,7716.714539,1.0043
1.7500,0.604624,24591.770322,3566.825755,6420.890982,1.0212
1.7520,0.233442,5010.783825,4911.034365,8840.095299,1.0338
1.7540,0.485764,28327.421765,10850.005354,19530.495401,1.0319
1.7560,0.847234,2564.446384,2564.445739,4616.849565,1.0249
1.7580,0.832889,5059.652220,4954.298258,8918.569753,1.0217
1.7600,0.133618,18318.645066,9803.972310,17647.283776,1.0301
1.7620,0.706192,18419.159835,17104.536522,30788.871932,1.0351
1.7640,0.111711,18408.563986,17092.079535,30765.854874,1.0516
1.7660,0.591264,18415.121222,17090.572869,30763.622429,1.0648
1.7680,0.180846,18406.583101,17080.771632,30745.569783,1.0858
1.7700,0.119250,18319.834443,9755.866071,17560.678179,1.0964
1.7720,0.424655,7425.471963,7374.889255,13275.225314,1.0923
1.7740,0.773052,2829.074708,2817.633190,5072.512795,1.0918
1.7760,1.683555,29100.969046,14224.342126,25605.499382,1.0965
1.7780,2.664017,18681.568915,10108.474138,18197.917465,1.0993
1.7800,2.238317,22238.069580,21106.089027,37993.198566,1.1103
1.7820,2.230006,18388.316990,9757.680862,17566.055558,1.1121
1.7840,3.318769,13830.526768,13802.328449,24847.509977,1.1239
1.7860,2.739940,31367.738376,26140.041444,47054.814538,1.1429
1.7880,3.058275,28568.294578,27200.594922,48964.129135,1.1643
1.7900,3.756094,27355.487508,25891.883867,46609.147055,1.1997
1.7920,3.482946,24504.201330,18098.010048,32579.901032,1.2242
1.7940,3.391744,5024.594473,4909.924962,8841.256675,1.2472
1.7960,4.168571,23464.291936,16589.883153,29865.958247,1.2838
1.7980,3.854435,21577.327265,20416.257565,36753.118052,1.3163
1.8000,3.857410,18380.967730,16986.504236,30579.565034,1.3610
1.8020,4.786672,22806.693685,21715.079639,39091.930022,1.3903
1.8040,4.191799,22193.301342,19931.222223,35880.391800,1.4221
1.8060,4.922059,28973.877456,23046.785344,41489.135678,1.4691
1.8080,5.834649,20964.699055,13152.628954,23680.566767,1.5127
1.8100,6.693773,4300.797849,4176.039088,7523.564131,1.5607
1.8120,6.566202,25159.075188,18922.056187,34066.267338,1.6142
1.8140,5.868642,19182.851777,17754.430285,31963.843155,1.6588
1.8160,6.545635,23716.437088,22591.386907,40671.042067,1.7155
1.8180,7.391351,18354.186307,9778.276988,17608.289929,1.7652
1.8200,7.884563,5669.491257,5549.350171,9996.714870,1.8284
1.8220,8.823020,25450.307846,18086.654615,32564.801328,1.9047
1.8240,8.012421,29378.869909,28143.984641,50667.184776,1.9723
1.8260,7.866700,19102.192910,17650.827233,31779.355719,2.0406
1.8280,8.356669,20561.348289,13171.585533,23717.210629,2.1052
1.8300,9.075554,5596.754899,5527.292391,9958.201858,2.1766
1.8320,8.507344,31381.678533,25897.045927,46623.190013,2.2530
1.8340,8.129285,23476.179199,21930.420539,39482.886256,2.3269
1.8360,9.045212,22441.663119,21172.671553,38119.854008,2.4078
1.8380,9.479347,18729.305941,9827.811381,17699.539833,2.4831
1.8400,8.918236,12415.998621,12392.060385,22314.626928,2.5521
1.8420,8.763989,21387.172707,13369.960084,24074.692141,2.6235
1.8440,9.134217,21008.339367,19597.393295,35284.442147,2.6958
1.8460,8.809778,22175.579828,20778.663976,37410.404934,2.7659
1.8480,9.244179,21704.464292,14534.361653,26171.095155,2.8394
1.8500,9.953813,3684.749157,3681.684858,6636.986559,2.9048
1.8520,10.295433,5666.975569,5546.991127,9994.879462,2.9678
1.8540,10.821730,21466.446569,13212.889574,23794.022963,3.0413
1.8560,11.465783,18259.917096,9290.899405,16735.084711,3.1171
1.8580,11.960642,18402.197152,9500.998983,17113.758812,3.2000
1.8600,10.243506,30469.365530,29599.562833,53289.456605,3.2595
1.8620,10.645541,27146.906847,25709.409664,46287.582935,3.3260
1.8640,11.458169,18814.180550,9729.218787,17524.051986,3.4033
1.8660,10.883109,23733.402799,17830.867129,32106.443942,3.4647
1.8680,10.392827,4770.113809,4600.002846,8290.397950,3.5235
1.8700,11.019376,26700.071817,19864.388709,35766.919052,3.5909
1.8720,11.581321,23561.302514,15744.940210,28352.473700,3.6460
1.8740,10.644083,18757.368708,18756.573641,33772.476637,3.6969
1.8760,10.522213,25521.105943,18071.825009,32539.807229,3.7580
1.8780,11.060573,26755.035247,25167.678625,45312.882099,3.8221
1.8800,10.721332,24421.959094,22949.662527,41320.113880,3.8840
1.8820,10.295182,18570.301962,8766.918595,15790.748654,3.9284
1.8840,10.552352,10918.338770,10835.899996,19515.172344,3.9757
1.8860,11.400960,22098.329619,13726.527124,24719.149783,4.0377
1.8880,10.757764,23058.937430,21797.936768,39247.043947,4.0894
1.8900,10.548652,18174.388224,16449.423115,29619.510259,4.1366
1.8920,9.736613,19020.685422,10333.622595,18610.257284,4.1724
1.8940,9.533849,9824.615455,9763.129340,17583.166661,4.1973
1.8960,10.118361,9961.975851,9956.183220,17931.248157,4.2273
1.8980,10.779330,25065.996685,17257.932755,31075.058290,4.2731
1.9000,10.166208,24429.542681,22901.608600,41233.061688,4.3086
1.9020,9.991265,18140.749671,16348.818270,29437.864152,4.3472
1.9040,9.496860,18007.789105,8517.701234,15341.359081,4.3696
1.9060,9.003376,4736.045737,4515.224831,8136.408071,4.3886
1.9080,8.842940,21799.419292,12703.541817,22875.218210,4.4101
1.9100,8.354156,18748.955184,16586.913982,29864.799323,4.4276
1.9120,9.323020,22451.307626,20949.574252,37718.556673,4.4570
1.9140,8.948543,22792.425014,16587.094010,29865.717761,4.4712
1.9160,8.460250,4513.757699,4297.144932,7743.321127,4.4720
1.9180,7.937751,863.594907,774.104203,1401.325316,4.4689
1.9200,7.781782,25449.063200,5268.921570,9491.840608,4.4703
1.9220,7.313983,17995.011573,8246.442021,14850.909620,4.4698
1.9240,7.552652,18748.442787,16817.262333,30278.624851,4.4692
1.9260,7.985187,19854.722344,10143.898575,18267.002622,4.4647
1.9280,7.490779,11372.043698,11371.792795,20476.717811,4.4593
1.9300,7.752242,21867.823176,13483.366592,24277.812108,4.4582
1.9320,6.982049,19966.499143,18065.509463,32524.899082,4.4528
1.9340,7.281273,19924.863158,18013.365396,32431.338986,4.4521
1.9360,6.522768,19933.723600,18008.604232,32422.010386,4.4370
1.9380,6.416313,11869.397860,7751.377746,13958.896256,4.4225
1.9400,6.422184,21954.080340,12753.044771,22961.902772,4.4123
1.9420,6.020029,18814.685415,16401.509389,29528.736928,4.3992
1.9440,6.072517,18813.852824,16390.858473,29509.617768,4.3928
1.9460,6.097339,18847.569023,8511.130984,15326.133110,4.3750
1.9480,4.707903,18621.451788,18619.469922,33519.753762,4.3440
1.9500,3.431863,12703.724420,10047.731974,18089.349416,4.3024
1.9520,3.726667,23912.892650,22033.111114,39663.326673,4.2666
1.9540,3.325334,18834.839048,16344.593108,29423.592928,4.2294
1.9560,3.663499,18832.781358,16333.336461,29403.669129,4.2050
1.9580,3.497760,19188.498673,16807.539877,30257.069539,4.1731
1.9600,2.534682,18546.781542,16858.798020,30348.371118,4.1304
1.9620,2.537771,21237.820468,12012.333977,21624.738929,4.0915
1.9640,2.574656,35469.863614,33865.960031,60961.302712,4.0614
1.9660,2.730511,32602.909106,30793.585182,55431.183838,4.0264
1.9680,1.684153,23203.375541,20797.680737,37437.509480,3.9692
1.9700,1.509239,25833.708130,24242.289556,43637.630440,3.9190
1.9720,2.203050,24308.391358,15744.466265,28342.242327,3.8826
1.9740,1.787392,19192.063441,16730.581764,30116.834568,3.8324
1.9760,1.431716,22002.941313,20576.439599,37039.022994,3.7773
1.9780,2.483293,22035.372689,12887.086175,23199.238407,3.7260
1.9800,2.785158,18975.801368,16538.238210,29771.613937,3.6618
1.9820,2.262975,15074.262169,14870.468970,26769.107121,3.5962
1.9840,2.323838,22320.620891,19561.734496,35213.445931,3.5487
1.9860,2.659021,21937.932592,20343.817951,36621.531332,3.4982
1.9880,3.687686,18340.961780,15877.983886,28584.058680,3.4520
1.9900,3.351778,22190.536474,19666.772770,35403.542765,3.3950
1.9920,3.250921,9341.780950,4360.589910,7852.312759,3.3420
1.9940,4.221789,24197.106391,15585.219400,28057.616709,3.2950
1.9960,4.911609,18932.437181,16432.306767,29583.063790,3.2316
1.9980,4.477405,18937.713084,16418.759440,29558.244398,3.1784
2.0000,4.163030,25887.101653,3602.814355,6489.228870,3.1369
2.0020,4.666112,21123.304795,13633.117945,24544.278413,3.0925
2.0040,5.536606,18363.127979,15863.839598,28560.447883,3.0541
2.0060,5.147424,23194.864947,20748.605685,37352.637657,3.0169
2.0080,5.132623,18863.380718,16167.072867,29105.863784,2.9885
2.0100,5.505058,23804.442709,21702.179495,39069.428148,2.9374
2.0120,5.933814,11313.631016,7902.982045,14231.301494,2.8757
2.0140,6.628048,3468.928124,3421.861327,6165.978437,2.8232
2.0160,7.380840,24792.892418,15943.592858,28705.847983,2.7862
2.0180,5.780229,35957.406673,33923.800140,61068.620482,2.7612
2.0200,6.256005,31418.266074,25555.333025,46005.855451,2.7295
2.0220,7.054334,22836.618440,11267.072411,20287.784674,2.6801
2.0240,7.716864,8820.451567,6828.643684,12299.275495,2.6356
2.0260,7.546717,26013.692697,18712.744191,33690.486260,2.6024
2.0280,7.071224,26593.075263,24126.123291,43434.093148,2.5669
2.0300,7.731335,26358.878343,23956.440465,43129.324171,2.5418
2.0320,8.450384,18810.345430,16213.241133,29192.284424,2.5007
2.0340,7.910351,18692.356858,16290.912204,29331.552319,2.4638
2.0360,7.677978,21850.861894,12148.718407,21875.371110,2.4422
2.0380,6.954747,19228.712685,16655.361434,29986.605328,2.4091
2.0400,6.917280,8400.958884,8038.252547,14475.771864,2.3727
2.0420,7.532336,24276.280244,20816.576683,37477.370366,2.3476
2.0440,8.297851,18768.202152,16155.066724,29087.417954,2.3196
2.0460,7.746440,24111.149551,22401.683843,40330.777357,2.3070
2.0480,7.321540,18239.893556,15727.802825,28317.366625,2.2798
2.0500,6.835814,9700.437582,4181.976816,7534.394082,2.2531
2.0520,6.924165,22481.821750,13449.600262,24216.204637,2.2397
2.0540,6.255995,20396.368069,18077.741075,32546.189929,2.2233
2.0560,6.388339,20404.973689,18090.166189,32568.687479,2.2205
2.0580,6.866963,18296.551624,15959.598081,28734.143508,2.1994
2.0600,6.700998,12755.531343,8845.502764,15928.605972,2.1799
2.0620,6.504319,21824.937580,11931.000094,21482.304489,2.1739
2.0640,5.844439,19181.485524,16629.654491,29939.222523,2.1509
2.0660,5.987773,13285.924722,10128.640532,18237.540731,2.1380
2.0680,5.600215,25983.116197,17585.710284,31659.878726,2.1320
2.0700,5.501240,27450.364447,24856.333643,44746.901797,2.1193
2.0720,5.103346,23252.429541,20715.111304,37292.303693,2.1186
2.0740,5.058416,19140.006154,16626.696189,29933.111557,2.1020
2.0760,5.794335,13238.015923,10374.239081,18679.424681,2.0933
2.0780,5.730149,26185.111061,18367.920452,33067.986964,2.0926
2.0800,5.314982,26651.933854,24102.769621,43390.300300,2.0839
2.0820,5.236157,22364.529455,19857.714284,35749.121868,2.0884
2.0840,4.878530,18120.827641,15608.390610,28099.981628,2.0753
2.0860,4.779440,9918.795597,4538.060511,8173.288359,2.0725
2.0880,4.745731,25223.174773,16171.637585,29113.693384,2.0761
2.0900,4.382962,27285.298263,24577.116615,44243.192869,2.0577
2.0920,4.580559,12560.279346,10143.444285,18262.780272,2.0527
2.0940,4.083542,27685.574531,13480.745569,24269.425567,2.0591
2.0960,4.106078,22213.683790,15813.264405,28467.982007,2.0632
2.0980,4.898570,21051.364238,18725.007288,33709.911688,2.0776
2.1000,4.598794,22880.844279,20730.291905,37319.124224,2.0898
2.1020,4.526096,18669.292697,15986.494065,28780.215413,2.0991
2.1040,4.408305,21750.820819,11860.992311,21354.194465,2.0955
2.1060,4.271718,554.645628,521.428602,942.843201,2.1029
2.1080,4.041661,23503.759264,5294.487542,9534.119237,2.1069
2.1100,4.095408,20814.445575,13860.797627,24953.531136,2.1043
2.1120,3.689993,23156.679441,20566.245628,37022.932123,2.1087
2.1140,3.909658,19908.333704,10245.727719,18446.219552,2.1041
2.1160,3.528609,8452.276966,8395.938627,15116.218137,2.1134
2.1180,3.609949,28108.938914,9230.164306,16617.905701,2.1370
2.1200,3.099797,8422.174064,8363.635195,15057.643149,2.1600
2.1220,3.347223,26259.591440,9179.757709,16526.911100,2.1716
2.1240,4.417765,11514.769400,11452.707565,20619.291382,2.1738
2.1260,3.897849,23470.611748,22149.847766,39873.623828,2.1802
2.1280,3.786943,27615.951112,25032.053396,45061.483056,2.2020
2.1300,3.534975,22923.608904,20258.920122,36469.591194,2.2193
2.1320,3.804071,19301.828053,16805.841802,30254.319315,2.2405
2.1340,3.251191,24494.388760,22157.660572,39887.040220,2.2541
2.1360,3.490568,24514.612875,22180.178770,39927.812354,2.2753
2.1380,3.138175,19919.402849,10580.997310,19048.933333,2.2863
2.1400,3.346959,8489.150353,8405.408027,15133.081408,2.3030
2.1420,2.847756,27443.321000,9598.237051,17279.674448,2.3248
2.1440,2.952715,19849.087708,10098.984016,18181.123944,2.3413
2.1460,2.923726,18201.840451,15576.538286,28040.692641,2.3660
2.1480,2.871029,18297.553430,7210.521893,12981.810437,2.3798
2.1500,2.805881,4658.139555,4488.243972,8081.645030,2.4000
2.1520,2.613079,26091.818792,4037.725637,7270.519225,2.4246
2.1540,2.454659,18734.855179,7542.601335,13579.137062,2.4473
2.1560,2.418511,18661.001064,15999.364202,28801.274074,2.4757
2.1580,3.548297,23491.614006,15732.418353,28321.901333,2.4957
2.1600,3.331510,22161.928314,21099.304937,37982.080396,2.5098
2.1620,3.248323,22839.643247,20194.371224,36353.116527,2.5382
2.1640,2.744221,19274.532472,16799.158241,30241.229056,2.5628
2.1660,3.016219,20666.027590,18453.025209,33218.461595,2.5977
2.1680,2.799761,19288.943854,16820.293380,30279.327846,2.6306
2.1700,2.798073,18600.881475,15946.090799,28705.761512,2.6691
2.1720,2.769562,18723.759692,7533.081181,13562.315688,2.6996
2.1740,2.648911,4934.299988,4927.520903,8872.186536,2.7332
2.1760,2.493259,25166.406467,4160.258722,7490.958959,2.7737
2.1780,2.299889,18354.029996,7310.816287,13161.769205,2.8096
2.1800,2.314764,18331.348980,15818.746877,28476.059143,2.8536
2.1820,2.283598,18379.496575,7365.092174,13259.449512,2.8865
2.1840,2.222858,4560.496000,4390.382149,7904.910727,2.9257
2.1860,2.068981,26099.781945,3884.242240,6993.705012,2.9604
2.1880,3.106562,25738.313640,17755.065255,31962.224021,2.9832
2.1900,3.015811,24979.536581,22476.207173,40460.188722,3.0145
2.1920,2.946129,18353.045947,7362.667272,13255.747218,3.0409
2.1940,2.818835,14288.292329,12803.333225,23048.818640,3.0614
2.1960,2.695678,22891.544531,20259.995725,36470.687984,3.0936
2.1980,2.564581,18639.873915,15991.733576,28787.685019,3.1238
2.2000,2.486084,18651.200177,16007.984155,28816.857563,3.1657
2.2020,2.334500,18640.856936,15993.442329,28790.530692,3.2055
2.2040,2.302586,18653.708538,16011.956626,28823.824512,3.2511
2.2060,2.271118,18793.353532,7605.054178,13691.368638,3.2881
2.2080,2.211417,4297.648446,4206.940071,7574.703545,3.3157
2.2100,2.199486,11316.586830,8528.383525,15353.289832,3.3373
2.2120,2.045287,22866.897249,20237.625847,36429.771811,3.3803
2.2140,1.891084,8286.958495,7304.950119,13150.801299,3.4260
2.2160,1.867059,20965.251487,1544.514538,2781.993227,3.4605
2.2180,1.846291,4533.580983,4346.944757,7826.346854,3.5013
2.2200,1.722321,26193.771864,3818.127472,6874.351770,3.5489
2.2220,1.644866,15550.703352,5784.596567,10413.918687,3.5933
2.2240,1.902915,16740.451557,15358.817826,27647.775001,3.6362
2.2260,2.717180,22354.791143,12526.293372,22550.045249,3.6618
2.2280,2.669238,10681.211968,10673.896684,19215.683269,3.7026
2.2300,2.500669,28149.410434,7961.222163,14332.700562,3.7438
2.2320,2.432044,25136.921331,16057.864875,28906.588820,3.7788
2.2340,2.309486,22817.915651,20206.933308,36374.789441,3.8199
2.2360,2.255488,18808.808856,7627.031484,13730.912160,3.8555
2.2380,2.221117,9320.829836,8729.665068,15715.618239,3.8856
2.2400,2.152022,21342.226361,16369.419004,29467.106230,3.9300
2.2420,2.016752,18402.459063,16035.367583,28865.678402,3.9698
2.2440,1.997040,18420.378822,16064.114626,28917.403368,4.0238
2.2460,1.833387,18407.975776,16055.172523,28901.143928,4.0600
2.2480,1.860395,9999.133402,4313.853740,7766.797127,4.0966
2.2500,1.817453,21799.250665,11886.265487,21397.095329,4.1451
2.2520,1.679901,18614.684378,16017.514840,28833.206614,4.1913
2.2540,1.696199,18632.862397,16043.485269,28879.969684,4.2404
2.2560,1.624407,22795.628642,20211.058458,36381.529631,4.2673
2.2580,1.995857,12515.990094,9967.225509,17943.001774,4.3028
2.2600,1.518782,26084.796488,17813.082607,32065.067475,4.3463
2.2620,1.808932,27481.161453,25048.904800,45089.837571,4.3698
2.2640,1.628993,12828.739332,10211.812151,18382.890865,4.4008
2.2660,1.687396,26427.946533,18276.902853,32900.112531,4.4409
2.2680,1.435388,28745.748608,26419.458910,47556.461426,4.4729
2.2700,1.571464,24854.706654,22641.726295,40756.678796,4.5185
2.2720,2.316301,18213.677415,15414.598195,27748.593051,4.5443
2.2740,2.321904,12676.021629,9442.869321,16999.486682,4.5705
2.2760,2.221541,21913.230798,12046.888836,21686.621446,4.6090
2.2780,2.098420,18708.870418,16158.382495,29087.186911,4.6454
2.2800,2.051116,18729.758432,16186.606103,29137.942101,4.6939
2.2820,1.896852,18716.753438,16173.866118,29114.855863,4.7273
2.2840,1.973291,9625.471800,4479.783868,8065.584253,4.7584
2.2860,1.835591,21433.869485,12274.680429,22096.260364,4.8042
2.2880,1.778483,18404.647187,16243.110152,29239.376756,4.8453
2.2900,1.698222,18426.050387,16279.237832,29304.326319,4.8893
2.2920,2.002270,22695.348947,20470.898682,36849.619898,4.9133
2.2940,1.794759,13109.290436,10397.331027,18716.990608,4.9476
2.2960,1.562581,25753.791594,17116.391994,30811.068170,4.9895
2.2980,1.596708,27127.007481,24571.943144,44231.094366,5.0092
2.3000,1.998389,12639.151085,10109.848585,18199.725843,5.0374
2.3020,1.382481,26232.084121,18308.256978,32956.245041,5.0740
2.3040,1.799498,27614.412104,25384.047345,45693.084719,5.1035
2.3060,1.273492,23454.953378,21313.842688,38366.190330,5.1461
2.3080,1.612922,19311.446296,17241.953956,31037.130042,5.1730
2.3100,1.454959,11921.480976,7603.529089,13687.807319,5.1981
2.3120,1.504529,23632.286302,15241.230988,27435.720307,5.2376
2.3140,1.254190,21416.237996,19411.881919,34942.641643,5.2730
2.3160,1.387628,21445.857158,19448.812703,35009.250493,5.3227
2.3180,1.072499,21441.795566,19447.027709,35005.722377,5.3553
2.3200,1.508902,14055.016197,10964.397937,19737.425189,5.3860
2.3220,2.042234,22562.572276,14680.988612,26427.821734,5.4275
2.3240,1.909308,22747.457627,21129.590840,38035.172819,5.4539
2.3260,2.025159,9684.517768,4529.117589,8154.436819,5.4779
2.3280,1.811551,21516.917679,12799.538900,23040.981571,5.5170
2.3300,1.816119,18511.493975,16600.017476,29881.847576,5.5386
2.3320,1.861626,10432.832197,4072.563233,7332.475445,5.5601
2.3340,1.702583,22095.853272,12378.271670,22282.591590,5.5945
2.3360,1.651648,18790.864093,16391.545892,29506.434255,5.6265
2.3380,1.560953,18816.728262,16427.458660,29570.986541,5.6623
2.3400,1.633496,22921.228874,20521.494535,36940.323659,5.6789
2.3420,1.829500,11095.020879,8164.326455,14697.617120,5.7020
2.3440,1.375524,25059.286785,17224.337986,31005.183899,5.7356
2.3460,1.619447,27089.052056,25148.961146,45269.749510,5.7475
2.3480,1.728318,11988.142111,8244.674039,14842.141589,5.7683
2.3500,1.323723,25537.223490,16674.500466,30015.424561,5.7972
2.3520,1.513753,27147.595961,24732.720063,44520.409867,5.8198
2.3540,1.255449,22995.687574,20639.769057,37152.839752,5.8493
2.3560,1.167693,19250.563868,8510.164745,15319.464234,5.8667
2.3580,1.588609,7094.286240,7074.663432,12735.982787,5.8703
2.3600,1.369366,8959.401711,8951.602802,16114.254409,5.8895
2.3620,1.146863,29111.424043,9773.622985,17593.668236,5.9108
2.3640,1.505215,25590.442274,16777.333385,30200.705309,5.9229
2.3660,1.391077,23926.386616,21766.540838,39181.164585,5.9439
2.3680,1.012064,21335.640553,12879.361543,23183.862842,5.9540
2.3700,1.476209,10297.828023,10280.625202,18506.601572,5.9629
2.3720,0.997190,23293.291995,15773.219130,28392.791623,5.9854
2.3740,1.316935,19763.843597,18157.765416,32685.294683,5.9921
2.3760,1.149476,12813.075673,8281.915734,14908.597798,6.0033
2.3780,1.291605,26494.012918,18642.704053,33558.158901,6.0324
2.3800,0.825796,24577.037831,22675.870521,40817.392734,6.0444
2.3820,1.314151,14550.761706,11544.889691,20782.115594,6.0552
2.3840,0.822496,23361.567529,16004.653161,28809.198185,6.0794
2.3860,1.163795,19850.698841,18329.337402,32993.971117,6.1005
2.3880,0.782973,19884.688477,18379.728281,33084.293878,6.1261
2.3900,1.195260,23951.946298,22362.547647,40253.781025,6.1317
2.3920,1.130677,14249.901409,11122.841175,20022.244792,6.1326
2.3940,1.286538,11270.278562,10713.112057,19284.888241,6.1380
2.3960,0.691841,18320.718396,11886.906164,21397.122936,6.1569
2.3980,1.124680,19944.035485,18511.639826,33322.076367,6.1727
2.4000,0.642782,19978.440262,18561.924118,33412.106195,6.1960
2.4020,1.030520,20477.900358,13007.577933,23414.670799,6.2091
2.4040,0.660602,10301.217248,10174.636597,18315.006477,6.2066
2.4060,1.157644,9613.547135,9594.057001,17270.460246,6.2087
2.4080,0.656473,28163.491547,12458.228422,22425.467633,6.2186
2.4100,1.243766,20479.094076,13138.234296,23650.065498,6.2255
2.4120,0.526453,20069.774813,18738.582642,33729.975208,6.2402
2.4140,0.932400,20542.204475,13267.057952,23881.636713,6.2417
2.4160,0.936311,7316.389415,7094.287087,12770.653068,6.2296
2.4180,1.220901,2806.740132,2651.142481,4773.277367,6.2174
2.4200,0.622167,22357.592838,15089.655223,27162.001569,6.2188
2.4220,1.064715,20140.950148,18877.026021,33979.711552,6.2172
2.4240,0.591637,20171.545986,18921.208438,34058.766824,6.2289
2.4260,0.929678,20171.384662,18935.004648,34083.938044,6.2250
2.4280,0.850069,13605.874884,8876.306970,15978.202616,6.2182
2.4300,0.924609,24509.462616,16691.973288,30046.476528,6.2233
2.4320,0.866507,20408.788368,18588.631644,33460.403466,6.2132
2.4340,1.201783,10241.794072,5486.885476,9877.595641,6.2118
2.4360,0.536868,25957.117974,19331.489479,34797.217930,6.2221
2.4380,0.925562,23741.549687,17133.234161,30840.747052,6.2219
2.4400,0.526035,10757.623730,10611.301494,19100.868724,6.2185
2.4420,1.170406,24601.063935,16855.755140,30341.529657,6.2298
2.4440,0.449176,22208.469168,20634.492431,37142.535552,6.2237
2.4460,0.960420,15205.682996,12321.671105,22179.968408,6.2160
2.4480,0.694266,23780.420538,17305.360227,31150.342675,6.2215
2.4500,0.858801,20371.463910,19287.539052,34718.429096,6.2113
2.4520,0.695202,13959.488460,9144.679936,16461.119088,6.1980
2.4540,0.954658,24679.906213,17001.389483,30603.455728,6.1996
2.4560,0.538111,22276.996902,20743.803499,37339.384410,6.1965
2.4580,0.950089,22301.675837,20775.197673,37396.305900,6.2025
2.4600,0.599227,22029.666704,14146.614237,25464.504853,6.1965
2.4620,0.928918,11468.812718,11467.985579,20643.302960,6.1760
2.4640,0.645789,10407.917802,10372.684320,18671.477565,6.1642
2.4660,1.026061,26803.482337,18929.455847,34074.046586,6.1605
2.4680,0.533578,27479.474776,25491.407421,45885.066935,6.1374
2.4700,0.896485,11499.753353,8546.028973,15383.748636,6.1195
2.4720,0.784801,25397.763336,19044.757582,34281.348449,6.1177
2.4740,0.889900,23582.152187,22503.378230,40506.970714,6.1127
2.4760,0.837909,20593.994533,19656.308110,35382.192507,6.1182
2.4780,0.900669,19399.949320,12446.349079,22404.329012,6.1111
2.4800,0.616989,5444.253574,4999.898547,9000.434374,6.0897
2.4820,0.784370,3854.881364,3670.152330,6607.058564,6.0702
2.4840,0.527678,26222.507680,9063.377431,16314.607054,6.0551
2.4860,0.710340,24366.678747,6084.989649,10953.691709,6.0277
2.4880,0.706937,5521.788671,5072.479453,9131.169952,6.0077
2.4900,1.066881,26281.417757,18143.764935,32659.843763,6.0043
2.4920,0.536317,23471.304674,21650.441665,38971.331314,5.9981
2.4940,1.106324,19473.231116,17727.765501,31911.084226,6.0044
2.4960,0.513742,19453.521369,17689.848005,31842.240152,5.9951
2.4980,0.708930,10664.641864,6200.015251,11160.736382,5.9850
2.5000,0.657903,22724.860729,16483.572528,29671.088453,5.9839
2.5020,0.666787,19765.815464,13005.322302,23410.246931,5.9749
2.5040,0.448776,21850.179504,21779.827405,39204.138105,5.9461
2.5060,1.627905,3431.646338,3429.425119,6174.593120,5.9217
2.5080,0.974039,37573.973290,32579.155668,58643.454242,5.9100
2.5100,0.513706,26599.347797,25155.887279,45281.110807,5.8945
2.5120,0.835893,33970.746662,33293.305489,59928.785772,5.8897
2.5140,0.411713,23241.144040,22194.969067,39951.356033,5.8854
2.5160,0.931850,15973.655420,15777.559237,28400.538476,5.8774
2.5180,0.583980,18179.449752,13147.452431,23665.998355,5.8551
2.5200,0.725721,4436.416925,4232.517810,7619.257779,5.8376
2.5220,1.169660,25487.469449,19608.244592,35296.009926,5.8389
2.5240,0.728503,23157.101874,22313.425822,40164.894982,5.8347
2.5260,1.223366,18923.126267,18199.513176,32760.347082,5.8397
2.5280,1.228592,18442.250910,11679.989501,21025.209694,5.8316
2.5300,0.836112,6006.157356,5538.401554,9969.958909,5.8090
2.5320,0.842390,4576.864217,4370.577335,7867.881592,5.7855
2.5340,1.012866,22845.999521,16947.209934,30505.990748,5.7748
2.5360,0.812854,20993.651320,20310.620042,36559.928929,5.7608
2.5380,1.082125,21009.095062,20332.113034,36598.885587,5.7594
2.5400,0.799468,21014.656354,20345.156633,36622.081408,5.7421
2.5420,0.329881,15070.834590,10011.186848,18020.466207,5.7299
2.5440,1.316874,28341.065385,21363.100305,38454.897422,5.7305
2.5460,1.023019,25255.200861,18071.301188,32529.365157,5.7213
2.5480,0.804045,9281.707566,9277.128548,16699.635431,5.7122
2.5500,0.903501,25042.010556,11296.165826,20334.001988,5.7083
2.5520,0.933645,22819.419204,8029.349152,14453.762119,5.6913
2.5540,0.571884,6198.776570,5727.560135,10310.180126,5.6742
2.5560,1.111888,25001.507973,17770.906317,31988.743259,5.6709
2.5580,0.311277,25303.721034,24553.228903,44196.123303,5.6642
2.5600,1.179736,21146.862672,20527.372761,36950.450706,5.6698
2.5620,0.375046,21150.831457,20536.534222,36966.136646,5.6720
2.5640,1.247014,21159.953215,20551.476484,36993.904684,5.6809
2.5660,0.985581,21374.990643,15922.443633,28661.384120,5.6754
2.5680,0.575129,8977.486498,8689.115553,15640.983125,5.6628
2.5700,0.435342,5948.749853,5493.984768,9889.607924,5.6580
2.5720,0.735103,25861.231976,10858.032996,19545.194495,5.6551
2.5740,0.532421,27246.453746,13837.719526,24908.427567,5.6539
2.5760,1.308073,21412.798159,16034.790292,28863.930599,5.6647
2.5780,0.599776,21237.728937,20662.091857,37192.365119,5.6595
2.5800,0.282544,15333.303639,10221.036239,18398.147773,5.6513
2.5820,1.441008,30312.125492,25426.587799,45769.299046,5.6548
2.5840,0.371047,36791.781067,36418.734202,65554.092610,5.6593
2.5860,1.613460,18761.689517,17769.462038,31986.645128,5.6733
2.5880,0.919092,33759.737559,29664.951803,53397.832338,5.6694
2.5900,1.299489,4273.600044,4160.829817,7490.793160,5.6481
2.5920,0.066131,28646.725202,28635.277152,51543.565005,5.6379
2.5940,1.462102,25643.826454,18992.553853,34188.059037,5.6465
2.5960,0.472306,33982.171005,33094.826135,59571.159349,5.6451
2.5980,1.852343,18748.266334,17778.688496,32003.491637,5.6553
2.6000,0.535408,36788.256124,36423.790171,65563.357715,5.6638
2.6020,1.406962,14903.043604,14688.801254,26441.249219,5.6699
2.6040,0.630057,33047.769734,30128.844360,54232.549905,5.6650
2.6060,0.510949,17182.335768,17172.117737,30910.322875,5.6617
2.6080,1.289333,20275.063321,11412.554500,20543.887434,5.6737
2.6100,0.614486,21224.330022,19935.235341,35884.038099,5.6676
2.6120,0.363825,16486.425460,13787.670306,24818.170375,5.6593
2.6140,0.917397,24614.124249,19582.192494,35248.863886,5.6633
2.6160,0.396389,21405.703244,20911.846362,37641.719840,5.6640
2.6180,1.016912,21418.901095,20929.444567,37674.017134,5.6716
2.6200,0.977057,21600.674312,16519.155457,29735.456880,5.6680
2.6220,0.432459,12481.156523,12275.239230,22095.863072,5.6474
2.6240,0.600859,11914.966949,11843.348636,21318.628404,5.6335
2.6260,1.117338,28012.122788,23116.588371,41610.976406,5.6328
2.6280,0.343034,26954.200013,26275.940746,47297.036376,5.6241
2.6300,0.977974,22071.645639,21519.881384,38736.764465,5.6297
2.6320,0.385780,19151.516092,18682.049447,33628.074786,5.6299
2.6340,1.069229,19159.622219,18694.037037,33650.335895,5.6392
2.6360,0.990373,18610.140940,12704.481386,22869.056868,5.6350
2.6380,0.533079,6784.845702,6300.668391,11341.736184,5.6160
2.6400,0.538071,5523.114070,5296.925395,9535.003781,5.6067
2.6420,0.632136,29021.257965,14857.086450,26743.387746,5.6058
2.6440,0.673811,26547.959660,11439.550553,20591.864807,5.6044
2.6460,1.282587,18609.060376,12755.150196,22960.552940,5.6171
2.6480,0.701111,19181.548869,18735.221332,33724.099509,5.6147
2.6500,0.112851,14036.445185,7536.535232,13565.876268,5.6100
2.6520,1.054506,22190.352737,14307.851690,25755.187548,5.6204
2.6540,0.537853,20911.076999,20278.011503,36500.958559,5.6255
2.6560,1.109332,19231.935653,18793.715585,33829.797386,5.6365
2.6580,0.738779,19982.404195,14595.842629,26273.255512,5.6361
2.6600,0.559335,12611.189188,12404.083083,22327.908885,5.6216
2.6620,0.224169,8798.251061,8678.218873,15621.018140,5.6030
2.6640,0.720499,22107.163427,16721.522203,30099.460464,5.5994
2.6660,0.283788,20180.527569,19637.228960,35347.295915,5.5987
2.6680,1.183774,24053.439866,23392.214965,42107.170712,5.6071
2.6700,0.295202,27596.652468,26951.190576,48512.438239,5.6065
2.6720,0.946123,23428.737732,22898.996444,41219.139723,5.6148
2.6740,0.870186,18687.966627,12965.437376,23338.657462,5.6098
2.6760,0.415269,6908.833559,6425.786927,11566.831737,5.5986
2.6780,0.561086,6917.416748,6429.617484,11573.872557,5.5921
2.6800,0.504823,24600.066973,8923.371148,16062.572889,5.5901
2.6820,0.585647,24601.154580,8938.991050,16090.769536,5.5877
2.6840,1.158105,18685.474389,13003.647716,23407.723995,5.5993
2.6860,0.608633,19277.641479,18874.929768,33975.482215,5.5960
2.6880,0.043840,14171.106456,7656.523755,13781.786600,5.5885
2.6900,0.943148,25550.694904,18798.745665,33838.685345,5.5952
2.6920,0.094290,23055.032617,22018.198991,39632.852474,5.5967
2.6940,1.018042,23061.786275,22027.806426,39651.069609,5.6074
2.6960,0.749368,22793.034181,15894.080880,28610.094952,5.6066
2.6980,0.697140,7537.376513,7536.440265,13566.289616,5.5917
2.7000,0.447973,13895.705145,13879.863140,24984.201625,5.5816
2.7020,0.989850,25787.674144,20791.214178,37425.175370,5.5806
2.7040,0.353343,27584.064743,26981.663005,48567.346753,5.5794
2.7060,1.078860,27586.306772,26986.438704,48576.668527,5.5873
2.7080,0.286808,27585.025620,26986.079485,48575.229881,5.5949
2.7100,1.166263,27589.196684,26993.448510,48589.373580,5.6064
2.7120,0.589574,25814.901157,20844.857879,37521.333756,5.6007
2.7140,0.286431,5936.172396,5708.173676,10274.999047,5.5886
2.7160,0.068741,7162.619326,6672.871367,12011.237202,5.5812
2.7180,0.371599,24631.567766,9243.842918,16639.288852,5.5911
2.7200,1.363688,14477.484428,12697.836879,22857.470070,5.6167
2.7220,0.726334,24041.351827,22677.443625,40820.124859,5.6260
2.7240,0.211386,11831.892143,7847.887125,14126.408211,5.6212
2.7260,0.401949,9150.493060,9024.415400,16244.349669,5.6154
2.7280,0.770682,22179.113715,15619.257032,28115.433339,5.6235
2.7300,0.306152,19162.432318,18711.406706,33680.838224,5.6247
2.7320,1.232146,23601.824762,23131.081494,41637.178834,5.6297
2.7340,0.578583,32105.084469,28632.837500,51539.686082,5.6263
2.7360,0.980215,5230.565984,5165.906368,9299.611677,5.6240
2.7380,0.901355,34370.610173,30702.641021,55265.655193,5.6326
2.7400,0.380023,25123.542014,24395.942897,43913.077238,5.6251
2.7420,0.233354,11847.465527,7850.737726,14131.561262,5.6135
2.7440,0.607720,22196.232422,17074.916625,30735.457645,5.6161
2.7460,0.106966,19357.680869,19010.075711,34218.243245,5.6224
2.7480,1.053676,23486.064663,23031.707444,41458.127074,5.6327
2.7500,0.566918,25882.958015,21001.895126,37803.978145,5.6257
2.7520,0.100878,6045.018740,5816.284732,10469.413396,5.6124
2.7540,0.344134,7237.430476,6747.372565,12145.614751,5.6039
2.7560,0.238529,24671.350094,9476.347690,17057.664372,5.6126
2.7580,1.356409,14483.863396,12692.301492,22847.499094,5.6348
2.7600,0.557254,25100.843805,23742.581611,42737.204153,5.6397
2.7620,0.317677,11936.056413,8263.773360,14875.109726,5.6286
2.7640,0.358113,7116.637267,6930.066060,12474.477021,5.6157
2.7660,0.556265,23796.213736,16217.912968,29192.799607,5.6151
2.7680,0.215538,20098.312315,18876.335558,33977.619542,5.6115
2.7700,0.657032,20102.698031,18883.136256,33990.302293,5.6152
2.7720,0.480973,20461.194990,12108.949305,21796.589721,5.6075
2.7740,0.485789,7565.863139,7531.696164,13557.538884,5.5957
2.7760,0.831235,22234.444733,17191.481224,30945.497439,5.5979
2.7780,0.456489,19395.824903,19070.965040,34328.193560,5.5853
2.7800,0.343666,14480.589958,7944.887392,14301.140972,5.5774
2.7820,0.954762,28813.824985,22386.055426,40295.854529,5.5875
2.7840,0.111574,26629.769847,25529.071588,45952.440433,5.5924
2.7860,1.029137,23182.647553,22220.102509,39997.213654,5.6065
2.7880,0.752488,22900.425003,16161.568587,29091.575944,5.6089
2.7900,0.710832,7465.149128,7463.700959,13435.372557,5.5970
2.7920,0.456719,14128.187799,14107.434928,25393.839590,5.5859
2.7940,0.650766,26739.401508,12448.158852,22407.336701,5.5924
2.7960,1.134791,14593.095451,12818.451333,23074.347191,5.6146
2.7980,0.743830,24121.731463,22818.397530,41073.859385,5.6204
2.8000,0.273912,12014.816239,8107.362303,14593.526058,5.6202
2.8020,0.719541,19300.030014,15240.527463,27433.668975,5.6269
